相对路径,字节,sha256
00-归档说明/README.md,6803,f28890030b33f12e2b9179d1dddac198dc5147ba9c9f5ab112ba7738064524ed
01-输入数据/audit-sim/history-issues.csv,1185,96ddfb8d0d74925581a68898fdc925fb37e28793fd600235249a1c4d1441256c
01-输入数据/audit-sim/interviews.json,450,15185d1f3538915842f55b753612b657a2c2002cfa163ad80fdab9da260beb3e
01-输入数据/audit-sim/inventory.csv,939,73cb31d62a396a66e27df60f6faef088c078b934809a818670568aa0926ca80a
01-输入数据/audit-sim/ledger.csv,5280,79a9c4f07b4e5ec3dbf88c17cc3d5ca338244d025ac9411be6e1a2f5cb46f3bf
01-输入数据/audit-sim/master-accounts.csv,248,0e92543fdc340002422137501affe711583c5403a55e497415e802d79271fdbb
01-输入数据/audit-sim/master-vendors.csv,204,6596fbd956753a06ae3c8ae8b4e86b3ee9e3b650df8f0b3dce8630677f5b9657
01-输入数据/audit-sim/process-map.json,838,43ef89805f3291d1d518cadb1eea324f416eb49f5c7b61c24ff09fda1e0d8fd6
01-输入数据/audit-sim/purchase-orders.csv,2643,6b12d7fef79dc67104d9e0a06fe9fe060338149983b22aececea1763fb719972
01-输入数据/audit-sim/remedy-tasks.csv,1284,b43358fc1697524a38a8a5ee9bcbf2cca1cfe0101bc4d5fa3041dd8df76121ce
01-输入数据/audit-sim/report-template.json,300,45c8d4f6d9655eda2b574aa0f7b60faf480c40902e2f7d4fc42071d0eaf1d4d4
01-输入数据/audit-sim/sales-invoices.csv,2402,a2e9e876b8847b82f418ba6a02186bc4b9744cb25fce6a80fc10d8d1a11b5734
01-输入数据/本次运行输入/assets.json,202,4cbca1875e354c015527fd32a0a2a52ae33d474c929304bb51a15d484903806c
01-输入数据/本次运行输入/borrow-request.json,250,e3aefa190f6655a03abc7ef70f3a456cdbbb5611b469c4a0e82566f7408bb2a8
01-输入数据/本次运行输入/budget.json,178,138e9579a8f066eee94397ab7867cc0ce293e7d3c9c3d0520050c10b1a128fef
01-输入数据/本次运行输入/checkins.json,350,e448659497161535bd726f2e63714123fbd24113131ebaabebd42436ea8ac6ec
01-输入数据/本次运行输入/collect-req.json,37,776fb24e373b25049bc7e1a7e38da6ffc905dbe196780c952e33bf20a0207aa0
01-输入数据/本次运行输入/confirmations.json,221,f53bf398a99255b910faf9a5c1e5f9c67062491223c64bae939dd7cfae264c52
01-输入数据/本次运行输入/demands.json,455,97c6776be079fffb34a7b467a7842cd5cc80c981b27c2aac2c674d4f4f906a28
01-输入数据/本次运行输入/encrypt-req.json,40,a7a439bf483f757ea1ef66b49ec32cba5db4cab99baf648881c92085098cc1c4
01-输入数据/本次运行输入/extension.json,147,88b85d8cde51d1a508b836eda04cf27115c045852fae288740974271110237c4
01-输入数据/本次运行输入/field.json,537,98f13e43f89680ed0babd87380765a0ff853fc5c9f2096c2ed6ef7f54062f5ec
01-输入数据/本次运行输入/fraud-input.json,350,c845d0b37c61513d8a09927d0ffc7108af78b6f9a4534f7d6e4e93e4390bfc0c
01-输入数据/本次运行输入/fraud-risk-set.json,485,6ba0039bdc9e1db9dec9b4b594692c98086148a775a88c903ca33bddc8127ba4
01-输入数据/本次运行输入/high-risk.json,321,aaea32606352eb7b5e17ddb1bc07b7d485a74924add78ba1f2dc9fb9091827a2
01-输入数据/本次运行输入/history-issues.json,352,e86d65284cd61ad17b112b6e5a0395865039f80a1867ccbc713d8ac38c2db88d
01-输入数据/本次运行输入/ic-flow.json,351,cec32fcd320df85b39373e47c8971580f4880b5a44f7f39cafabd7fdf25b49b5
01-输入数据/本次运行输入/ic-risk-set.json,473,2d466cbe09f04908801d745054ff6a62287e1e2ea8d915780985829851529941
01-输入数据/本次运行输入/industry-benchmark.json,287,904a5e35dd97513e2afc200fca13934829cec635203322655225cd32e6628ede
01-输入数据/本次运行输入/industry-risk-set.json,492,76d377bcabff75ecfb54603e81e9f43794f187c32088bbb62615a30bd18e4535
01-输入数据/本次运行输入/inquiries.json,219,7021c66cb51bfd2bd34133003d7b4fdd4b60476f8ded799f1ad2036ca4e9b72c
01-输入数据/本次运行输入/interviews.json,330,65c5f77b2362153d34794f56278b9bea9781fc179e50be91384ef66d088af529
01-输入数据/本次运行输入/inventory.json,169,6673c26ac9b8db48f1c07172618b0531f4894b403924822ec795abed8daf0a72
01-输入数据/本次运行输入/invoice-scan.txt,42,39116e923fa1ab516bd3f279826bda2f0a925ca995a59abbcebe5e031d717cc6
01-输入数据/本次运行输入/ledger.csv,5280,79a9c4f07b4e5ec3dbf88c17cc3d5ca338244d025ac9411be6e1a2f5cb46f3bf
01-输入数据/本次运行输入/lineage-q.json,92,f55fb7cabb97f672ac3667c8c8d584ac4c144981cb7f4a552307b129e2eabef8
01-输入数据/本次运行输入/lineage.json,493,0fadb06d74e6e881267c1a30be277f050b5fddcb8ba609e47895c3f7527699f6
01-输入数据/本次运行输入/log-events.json,306,eb94d733e7485dfe3d4fb5ad0159ed1b093cf404e1e2cecf2c13810cfa8756d5
01-输入数据/本次运行输入/mask-req.json,71,a5c1beafe92f6644ba57214bd6f2e89b04da7f0dab2d7490627bef9630d2eeb4
01-输入数据/本次运行输入/master-src.json,60,02c22c2c5b61024c1e83df49d08c6b212c94272ec2970f09014cd3575fcf6f3f
01-输入数据/本次运行输入/master.json,559,a330fe5e662c168d99b8504d72651d59bacf90f3bbd73bd123e0d537743f0dac
01-输入数据/本次运行输入/meeting.json,251,13122ecb5f49331453f2ee038b396969f4beed07e1713c990f2dc4fda4fe26f2
01-输入数据/本次运行输入/meta-q.json,57,4e2057cee9dbc091ad18523b0b178b0fcd8ac5ad475d191b229ec91f9ab0b9b2
01-输入数据/本次运行输入/metric-ledger.csv,5280,79a9c4f07b4e5ec3dbf88c17cc3d5ca338244d025ac9411be6e1a2f5cb46f3bf
01-输入数据/本次运行输入/nlp.json,152,870e4d26ab83ef4951e9e43a57891335524ac95191bf8307ba86631831227133
01-输入数据/本次运行输入/perm-req.json,37,c3ba0630ef63fab294e9beea3754319a1b7648ef230cd0d49e9a553fe2835113
01-输入数据/本次运行输入/photos.json,437,a7720a2c3f2d09cb05929ce4105268f2775d87f9a05d0861396b2028ad5ade6f
01-输入数据/本次运行输入/plan-changes.json,196,dab71ea879f76998b31a273331dad2bd46bc29bc1d4fc84b53de57678a72896c
01-输入数据/本次运行输入/policy-input.json,313,789bd55c3c60e47ea3698bfcf963b3f6a85425e01585bd46300071a7cdd090e2
01-输入数据/本次运行输入/policy-risk-set.json,487,73bbfe30e91629606230056eda73532522995b29deff3559a18c61f3f4e53a0c
01-输入数据/本次运行输入/population.json,187,ed3d7f62dd799c498a42b74faf73fc644397148599b7e37de4fc1f968250d1fc
01-输入数据/本次运行输入/process-gap-set.json,486,e515231406e5cc504e511d3093fd3100e1f64e7c4e5dcc632dbe8b96b0fae965
01-输入数据/本次运行输入/process-input.json,272,25e7853bb94114a1e86d0ca14c8e5f25e9ad85deee08479955c6aff77a6ab601
01-输入数据/本次运行输入/program-template.json,257,271a0b8bf60987def7ba7483e442bb4e3b6de788a6baa714e538aed5305d7ba3
01-输入数据/本次运行输入/project-flow.json,389,b125a321c0f122deb8d01ae7e536078be39c3b94ba8e19b4dda50d67a20d5c29
01-输入数据/本次运行输入/quality-ledger.csv,5280,79a9c4f07b4e5ec3dbf88c17cc3d5ca338244d025ac9411be6e1a2f5cb46f3bf
01-输入数据/本次运行输入/raw-biz.json,108,416e9455ded7464741b941e87435507b1f125f811db067aaa7a0a259dd1cb7f0
01-输入数据/本次运行输入/remedy-evidence.json,347,1de29a2682ad6a8ce767272b53451e90ae781ab1141e534227f67ff6b9a340f5
01-输入数据/本次运行输入/remedy.json,631,d076c88353ea160ea4df1858447908127fb0dc0086148c2f57516b8a1fb1130d
01-输入数据/本次运行输入/review-notes.json,174,2e9141d5d3a395a572422fe69bd0f2e3d00d2b1bc013dc98fccfdd537ad20252
01-输入数据/本次运行输入/risk-advice.json,238,b37597ec149fa0b2c93fbe928ec57167120a74417cf3cc2408b3f9ccf9c2b0a1
01-输入数据/本次运行输入/rules.json,4943,7c3236ce3875131f82d39a90548698faa5926aad0449d9249c1b6f48ae3edc55
01-输入数据/本次运行输入/sample-size.json,213,b7c97348bcea1aeb25ca1124213539fecfb1cf1814d019c4445becf73d97e3ab
01-输入数据/本次运行输入/search-q.json,132,a0a9dd14665f72d818a35ae73eb7d286b8625038cac6969520ab61b7850a2bc2
01-输入数据/本次运行输入/submitted-units.json,323,396b164e6a70aff68ba993ea24c98a16e10503f5b8bf928864dd2858c6785b94
01-输入数据/本次运行输入/tag-query.json,251,2dd8c29d814582373412ef3a7b0864b638a2c26154448d1308403ad38015e357
01-输入数据/本次运行输入/viz-in.json,61,892898d7f2c4758d8b022804ae6a5a590e6989e97920382a2d054224bca1937c
01-输入数据/本次运行输入/wf-req.json,90,6376ec2d2145943a1299309792de9c317b322f9a6ee6b83be5278923ea97cefe
02-全流程时序日志/00-运行原始输出.log,14528,92567afa824b78ad79a305e62e273fcef1d5a790f44f6644a156ee4c22ebec9c
02-全流程时序日志/全流程时序日志.log,74621,b01f7120515c78cf5fe28f8bc35a0aeba8d228f4ab5fd1bc652285ea965cec89
03-逐插件详情/001-asset-check-001/状态流转.txt,499,d1de8404ffcbdd6642415b6e3790e4cb46c7b2fbdb57600cfaed6d26f14b2e16
03-逐插件详情/001-asset-check-001/输入.json,566,c96d009814c34d2734e1a87e61f811439348051e7c052e46ca3192be5e240e91
03-逐插件详情/001-asset-check-001/输出.json,658,e66b8e9d9e6fcde487ea08a3435590aff30c46a0db7c311ca6caf5cc918d3bcf
03-逐插件详情/002-audit-log-001/状态流转.txt,493,d7dd0e84ff61fff4855ae58dc6ae55666199971c9c620ac7be7b875a39aeca13
03-逐插件详情/002-audit-log-001/输入.json,560,661dd1b092f27b0b7c65f2ae44aa2e8690ac170400d2ccb9cde542cdbecefaaf
03-逐插件详情/002-audit-log-001/输出.json,1246,99ad7a09fa38119f351f12b29a1729a7ddd710d15e51da05d7567caf5f49576e
03-逐插件详情/003-biz-standardize-001/状态流转.txt,521,dc4b63cabd3f417f35b4d93a2641a7772c3bbe80b6dafec874a1a8e7322c0e67
03-逐插件详情/003-biz-standardize-001/输入.json,580,f6c982c68374cec607488ab4c5b0e98605ea9a5dee1cbbe8d0d4f9751e56a973
03-逐插件详情/003-biz-standardize-001/输出.json,663,c280ac5cde6cc2803b1daa3721afddb893b7d7946f901f4e7e5eaffcddb07bc4
03-逐插件详情/004-confirm-letter-001/状态流转.txt,508,c21951b9cdb0b4083e6abbb8e1bfab1915965b1137406fe2aa99a10321e72926
03-逐插件详情/004-confirm-letter-001/输入.json,585,f4f0b63187b75e898ffaa2b0dc04ab33d2e221cda435f7e1987ea31b9b7a071a
03-逐插件详情/004-confirm-letter-001/输出.json,1172,ff81ff9053ad670944101fedf9539d28f55b9677be2926ae93f77323accd294d
03-逐插件详情/005-cross-dept-inquiry-001/状态流转.txt,520,800ba29e1b323135eb431e23aa4f9766da886c3cd045eaaf6296e5ade32fec4d
03-逐插件详情/005-cross-dept-inquiry-001/输入.json,595,f5a3f8e908e05921d786aab504acddf39de518fa47d278f10dbbae0954a51572
03-逐插件详情/005-cross-dept-inquiry-001/输出.json,1627,8509625ed9e9109fd688cc878f24657137c61c62c43c48d88276110e4106ec37
03-逐插件详情/006-data-encrypt-001/状态流转.txt,512,282d6c1c9a0269ec1d355af98d1f5c7fb6a8294a6b11573e9495818b7c24e3ad
03-逐插件详情/006-data-encrypt-001/输入.json,590,2e21cd44b79b98628bff7376b7c8a3b5aec9b0c16f3e5f13a96543ba30b86a0c
03-逐插件详情/006-data-encrypt-001/输出.json,511,5721ead05cecc7e36807497b7466522483a6c97529b912a88c867eac794dd487
03-逐插件详情/007-data-mask-001/状态流转.txt,503,1b62d6d8e59e5cc5738cac2c2dee5c87fcbd62769c2ddd42f3d9b5bb62632656
03-逐插件详情/007-data-mask-001/输入.json,572,8c34ec26881be4c110bf29a652bd04b4c4f36b70d76d9ee758fb783f52d0a87d
03-逐插件详情/007-data-mask-001/输出.json,490,3ed6eb38cc8132a9c965ed4ed7d951a0548c91e22973c040185f8932d3cd82b2
03-逐插件详情/008-demand-collect-001/状态流转.txt,512,38c884c9fa9d10458186170982c648b1885646485a16ef6aadde42b8d133e3bb
03-逐插件详情/008-demand-collect-001/输入.json,578,58b21ba72ae8e05def7ef861d84266bd43f07dfce98f23e40ec3efe2544a5696
03-逐插件详情/008-demand-collect-001/输出.json,1200,955bb344ea19f2dbf84cc944a39ab204d2b20f4d02b69140facc75f810905c95
03-逐插件详情/009-evidence-photo-001/状态流转.txt,508,1853ea680be4a7201d02b1a528d587c4969c6584623a61ca30df1899de56925e
03-逐插件详情/009-evidence-photo-001/输入.json,572,d0c68851c75381ca319a57505fb407a4685cf5ae9e71dbc1ecbb27e94aeba47d
03-逐插件详情/009-evidence-photo-001/输出.json,1235,106d075f93a3c2a1ae2e37b023e4dea2b89212819f7722ba9c28500405f79383
03-逐插件详情/010-evidence-archive-001/状态流转.txt,520,1c12e429dde97df8b84f4b549c9ce610913bc4c8e6e813b34feb5917a4d85238
03-逐插件详情/010-evidence-archive-001/输入.json,676,6b273ce527037bb2a360c7bfa5e8e7cc22aa4aec50b4f1421a5393c2c62059c9
03-逐插件详情/010-evidence-archive-001/输出.json,755,4ba812c85ed0ed98682c3a229e4581918822db2197b2d8df0902621f23f7c891
03-逐插件详情/011-extension-approve-001/状态流转.txt,517,b7f1a8fcd55f53e96c9059998985b5a4085eae7893c2dbfe63a9cbb81f783a39
03-逐插件详情/011-extension-approve-001/输入.json,599,43b8c018b189418371edcc78470911f53e7dfe2a9aef4ac0494bfe88d7d6ad59
03-逐插件详情/011-extension-approve-001/输出.json,1035,3d10bc2d0a4a7471c17800f9bf281f0e544002dc2831da44d44bad3901a58103
03-逐插件详情/012-finance-clean-001/状态流转.txt,515,d777e72d89a4d55028f47a5610a780ced08f3b523f7042f31d4f0386b13f6bba
03-逐插件详情/012-finance-clean-001/输入.json,586,ba3221f4e194306d03e706d8287029105d6b4fe0cbe52a5849f7ef908fab3411
03-逐插件详情/012-finance-clean-001/输出.json,25941,aa50716103339ef5c488ca46fefa6037cd8a14637a27353aa7517828f934a3a8
03-逐插件详情/013-finance-anomaly-alert-001/状态流转.txt,527,b73f412e931d21a1e81a01ae10f873e8f29f8f6b020aee15516fd5f90c4b08a4
03-逐插件详情/013-finance-anomaly-alert-001/输入.json,692,2c309d5b1404987b2ff404494ec10aae41431c4eaefa8c28c915ff0a133cab68
03-逐插件详情/013-finance-anomaly-alert-001/输出.json,7079,af2670e2cd5d67a18351c9e185e57aa449a4f6971e27391f966f948111bf4d1a
03-逐插件详情/014-fraud-risk-match-001/状态流转.txt,512,7ca8fa332aa1f828af703f1aff363b125f960b92be3e249b90d2398fce90b633
03-逐插件详情/014-fraud-risk-match-001/输入.json,580,7c065d7cabf71a6f07f6a7b2dd8f6f10d72a99fbac96ff5feeb75596cb936324
03-逐插件详情/014-fraud-risk-match-001/输出.json,539,fc8d9d318f3060f48b6b5aaabf27468c267622e90f3b76c55875acb6d707bdcf
03-逐插件详情/015-fulltext-search-001/状态流转.txt,521,657a4a8e4dc51e36e766c20fd4b98a9730f7d186d8cb1e94f0c66f8ddb02553d
03-逐插件详情/015-fulltext-search-001/输入.json,584,e11a53a705ce0d7275ae5235af81b991a721afbe2f9e9a980d1de3a8fc2707db
03-逐插件详情/015-fulltext-search-001/输出.json,302,b756d43e3847e282690ce1ac0881e3376f93b9973301cf9164b7f0d62814abee
03-逐插件详情/016-industry-risk-benchmark-001/状态流转.txt,533,3a3f50b0d2b668f44a5676763a57b15dc59b48ac33d04ef813a67558d7d3b615
03-逐插件详情/016-industry-risk-benchmark-001/输入.json,622,3a10d1fd95a4fa30c1c6a0bfcb49b45ab2633b538067259e6284faf833000a39
03-逐插件详情/016-industry-risk-benchmark-001/输出.json,753,c4751e92d15a60f78f157b6cb531e48e278a376d3ff6aeba42f57c4ae7207d2c
03-逐插件详情/017-internal-control-risk-map-001/状态流转.txt,539,ebf0a38d9bba8932e4b23726b6198265f682f08739cbfdb6bef7c5f917bf6a51
03-逐插件详情/017-internal-control-risk-map-001/输入.json,582,ed80e79b1b76f82d67979697bc47ddd55fc3b1fdda5ea2ce88830a74e7367697
03-逐插件详情/017-internal-control-risk-map-001/输出.json,781,d35c4a912b4b651248a962dc492dd764fc65cd6d5c6dd654990bb460e9ffa0d0
03-逐插件详情/018-interview-record-001/状态流转.txt,514,1bca8fe7601bfec12eced26dae51f7f06b9073d490b24afa90af62768334e061
03-逐插件详情/018-interview-record-001/输入.json,592,3f6a12ab96a5b91a1caea19051b648b7da6593600b398a7170405928db7e02d8
03-逐插件详情/018-interview-record-001/输出.json,1049,9f5366ac5f8a7e985ea3dd0ac5e278898c9ee99b9283424317886d6baba801a2
03-逐插件详情/019-inventory-count-001/状态流转.txt,511,f51630f0ac518ac6adbf557d7505c770eb153c6ee74e9921e92ed9a1c268f3d2
03-逐插件详情/019-inventory-count-001/输入.json,589,3524c8888ffb5a66de457e79023af459b52a126fbe8c3915a2a0440ef6d35e2a
03-逐插件详情/019-inventory-count-001/输出.json,626,d201bdaabf83aa661ee51ef253bc17d2a63bd108eb9d29b89817d947b2acd10b
03-逐插件详情/020-issue-trend-analysis-001/状态流转.txt,528,83580551433a57800dfe254474599b1758c5bb9cd3d8a5d2911a909a91d6bedc
03-逐插件详情/020-issue-trend-analysis-001/输入.json,611,54e2c2e46a1da7e7c763806312e15dea6fd662239be9fc9814ca94cd46cd0d12
03-逐插件详情/020-issue-trend-analysis-001/输出.json,673,8bd639a32226e278322ed53c41253d7a8361d2257da9c0806a724284b73eff97
03-逐插件详情/021-lineage-track-001/状态流转.txt,515,91edb0b75f4c43c6ef87dd571fe31e9f62891d694c872276b401392a5d5ea6b0
03-逐插件详情/021-lineage-track-001/输入.json,584,7c66432a05ade51a181780dcf319670130d84ddc146eeb765c0f5c08636bea9c
03-逐插件详情/021-lineage-track-001/输出.json,320,79110648caecb6f0d08b95ec097965495d4cfd3ba3ca15e5cc1ec88653cc4348
03-逐插件详情/022-macro-policy-risk-scan-001/状态流转.txt,530,d1324cf83bd03054afba1abec21b9b05276714256096f36aef9622c31ac2791d
03-逐插件详情/022-macro-policy-risk-scan-001/输入.json,596,a35e3d46395757bde890920ceb7c358d1b5f58b561bfbb2ff6c707c2156612e1
03-逐插件详情/022-macro-policy-risk-scan-001/输出.json,493,71e84d2d23a2a053f80409c27fe36e92d8c947ad1ab7e08f07f3c280552a5368
03-逐插件详情/023-master-mapping-001/状态流转.txt,518,f6d814ddbfcebd4b0fc7ad9c9286278c4fd7a43af965f055f6834114b76a9f5a
03-逐插件详情/023-master-mapping-001/输入.json,587,a74b98288a022eaf63e47803b30625d1d66b00edd90be1481ffe4206b6e38f4f
03-逐插件详情/023-master-mapping-001/输出.json,589,c6b73727804d0cab3b697a2b0a0899a78a345e9eee50c279f8d55084ab68210e
03-逐插件详情/024-material-submit-001/状态流转.txt,515,94c2c1539b3dacfa8e7b592aa617e15b1b3533f56f830ee013e65a090087a3e3
03-逐插件详情/024-material-submit-001/输入.json,591,87c62fba3880a7bce352cfd2f12f3365c09890b0eb82736f48b60ab7b6e7b81c
03-逐插件详情/024-material-submit-001/输出.json,1216,527318b3c517d187bb888c5cb3498839dc93ea161e4034263f981fa48e6b04d1
03-逐插件详情/025-material-precheck-001/状态流转.txt,521,76c80063cd8e9c20155e9206a947f00e28c81e35587fa8cbafd4b6995eb324a7
03-逐插件详情/025-material-precheck-001/输入.json,695,e29ab06049b2407bf5cf54771dc78c98ba36fd7bfabf8726bbf87637ae0112c3
03-逐插件详情/025-material-precheck-001/输出.json,894,7bac530444f9632b0a2d9731f67e2e39be41d0ac2c96fcab0f307cef54ae9ae6
03-逐插件详情/026-meeting-minutes-001/状态流转.txt,511,8a7b7ab69368d88c72dfe4dd080897d1116bccd75033fafc9512514821150090
03-逐插件详情/026-meeting-minutes-001/输入.json,581,09ac4cb26943dee37f0696102011547e980c607a9a30d4b6d21bdf5296314735
03-逐插件详情/026-meeting-minutes-001/输出.json,816,ce51476cdbc7ef8d7c244d9e3539c705e4c7f8c6826dd3004af37c79c04230ca
03-逐插件详情/027-metadata-manage-001/状态流转.txt,521,e81f7aaada724b09d9696c8db1ba63a559d96314c719b2e407bc5400f1abfcec
03-逐插件详情/027-metadata-manage-001/输入.json,588,4d48293e7b524de03b75fc7876212377e1e4e11d28053a03beb8bd0f65f0cc1e
03-逐插件详情/027-metadata-manage-001/输出.json,591,5fe47296ecfb4bc0ba9464b41fb9beb1a73f9cdee6e26435c4e927228b038ba3
03-逐插件详情/028-method-distill-001/状态流转.txt,510,cfda7cd6faaf9ced55bbd99ede128f7e034ea7b6cc36c693de845953d165cde9
03-逐插件详情/028-method-distill-001/输入.json,606,7f6b54562564907a3d83dd09ef0f25c4cddcbe19b5a47a2cecda407783f7a505
03-逐插件详情/028-method-distill-001/输出.json,591,75bfc9269e0d7ff83c091b5ce52f10baf14558b82f7afaa0a81a56cd41774f86
03-逐插件详情/029-metric-compute-001/状态流转.txt,518,711cbbe3fcea8eac9c3edc0da686154f85f5bf794f5a58b4a9023109058db300
03-逐插件详情/029-metric-compute-001/输入.json,586,0f9f231430fa7a595ea5b7cb7fc1776f63701d0ca6bf286afc429b8e60fa765b
03-逐插件详情/029-metric-compute-001/输出.json,1831,c3755c7a636ac8ea083995bb5310d5fcf9bdd5c0bf4ed477d107c6e5df6d826a
03-逐插件详情/030-multi-source-collect-001/状态流转.txt,536,01e6f0a9465cc2e9cc6fcf5bf9fefd6f756cdecc1c67c1b51bd8cdf4d1bd4435
03-逐插件详情/030-multi-source-collect-001/输入.json,621,cd22b081d14f6567aca2efd9b6cc8ab4cd9e6f6c7b57ff2833069bef43a2d523
03-逐插件详情/030-multi-source-collect-001/输出.json,569,067dcf735db6973034cd4db28f5fb39273ea8e15b5ece86b9b2a4c5e13eb27ec
03-逐插件详情/031-nlp-process-001/状态流转.txt,509,5c5e78f0c02402c5b6bed80c5325703383477e430455aaa9f19d354e20ad1c5e
03-逐插件详情/031-nlp-process-001/输入.json,562,1b8e49d4b9469920c55866a64f3fdfda3b2101a39fcb613e4d98a644ae079472
03-逐插件详情/031-nlp-process-001/输出.json,874,3c34550634eb7e64e4ba3ae7c265e70376ff5992002ed481c8c2f71a6c16f991
03-逐插件详情/032-ocr-extract-001/状态流转.txt,509,ee2d914bfb9aaceb94994c6e9db1d2601f8681b133edd404ceac36ea89816355
03-逐插件详情/032-ocr-extract-001/输入.json,570,2bfb7d2b5a7af0d7cf3b4205a6a9e208094e0cdd83b9da7182bb97fd58e77435
03-逐插件详情/032-ocr-extract-001/输出.json,649,c5305476acd33f1fb691d2cd70538cb61850504c4683ad2e2d765bb9d5cb51d8
03-逐插件详情/033-permission-control-001/状态流转.txt,530,a9cb90b8a7f837440d4a71dda4ae70ac7848a6a931fce3bff537af54c573a5e7
03-逐插件详情/033-permission-control-001/输入.json,596,aba1b9995bfe7ad0a25ec3f5dda7fba84e45c6e45f3ef317a3410ac097346369
03-逐插件详情/033-permission-control-001/输出.json,596,bb9cb02646e7e71adc4ae52ba1454ced862506f4118173e988fcf9d0e172672e
03-逐插件详情/034-plan-version-control-001/状态流转.txt,524,e99084adab0ad3f0406adfca4e0ef48e25bda2dec69df269bc2d81557e7a825d
03-逐插件详情/034-plan-version-control-001/输入.json,589,cbec199c9012fd79ff10b562f996657a3e19b0995c82efc57db3c001703a0f31
03-逐插件详情/034-plan-version-control-001/输出.json,995,a98202c31127763d7d4c2ecec604a1a999786f0be1c060bbcb3da6b7d97c2363
03-逐插件详情/035-process-gap-detect-001/状态流转.txt,518,4277a014ba9bf3336a3d7da260cf6d67f19dd7e16c582adbe7f058345405cd00
03-逐插件详情/035-process-gap-detect-001/输入.json,592,344db1e9077b50a55a901fcdc9f76e216e7d9a761d5713acdddde90c7d043c62
03-逐插件详情/035-process-gap-detect-001/输出.json,493,ec60e483b18b406c3deead42d40a2060aeaaaae814b610ad166aedd0c8807a68
03-逐插件详情/036-progress-report-001/状态流转.txt,511,83054339a2edf29859e5e16c33c733684375abb17ed77a0d4574191b95dfff9c
03-逐插件详情/036-progress-report-001/输入.json,583,eb209d41bd7643acb9fe8092bfd37589c2b6b77040c992be39388268ca48b71c
03-逐插件详情/036-progress-report-001/输出.json,334,14d30b7c8fe9d12ae610024e9e574039303e2fd224301505681ad60fd3e09f0d
03-逐插件详情/037-project-quality-score-001/状态流转.txt,531,aed8083d10a4e8bde831fd76fce8bdd654c28e6720c36dd20781b1747ee7620d
03-逐插件详情/037-project-quality-score-001/输入.json,614,fca8c16f96d1de8396f9edad99d8b24885c1f79f1eb337f7e86adfe84a294c34
03-逐插件详情/037-project-quality-score-001/输出.json,426,4873b980db3372970e72a9a5826e73ea65bfb7bb0b058c6b4f2cc6b1aca50712
03-逐插件详情/038-quality-check-001/状态流转.txt,515,b0556bc26d0492c575529e459ce1ce2f1fa7019f2ec94cc6f9b69a10566162b1
03-逐插件详情/038-quality-check-001/输入.json,588,d9b66601a2d8442c5dc399399d07575c86677d0cd3fcd5ae687175134b647901
03-逐插件详情/038-quality-check-001/输出.json,1598,6dc8d2a5b2f00f5a65b560dd67c5a0ee70d7872ad7e2cb008aee584ec2e1bddc
03-逐插件详情/039-risk-matrix-build-001/状态流转.txt,515,7281ff52962711cceb384354dd030072f0ab6cc3acb49a6a3a55f654e1b6a17a
03-逐插件详情/039-risk-matrix-build-001/输入.json,3514,952d6a0dd0cb8378f7a9927af823dd3051cb3efce154425e67ba79581100cff8
03-逐插件详情/039-risk-matrix-build-001/输出.json,11738,f7b44578b9a304beeaee01d6962def237c6a7af50b6e960a32c9e408bd4600c5
03-逐插件详情/040-risk-level-assign-001/状态流转.txt,515,29083dbddd1ef7d850a2245bdf9fa6728f5efb057c9f8bc998c93489fb34cfd6
03-逐插件详情/040-risk-level-assign-001/输入.json,668,7609e0e5e084f337c55dab3dc6ec69e87c33a8fa3f226b6355ea9a1a5476ec3a
03-逐插件详情/040-risk-level-assign-001/输出.json,5368,c54232c9747430d421e348beb4623de27d76fd5e16c66d8c264aba62d8062410
03-逐插件详情/041-high-risk-area-locate-001/状态流转.txt,527,e9b188b35164314c204d2d0ae6cda7a9b698143c6462f606c47c9055533a9ed5
03-逐插件详情/041-high-risk-area-locate-001/输入.json,672,154b3f78f4c1d95c9727eba3715ed5d6dcbb37f02d4961435d7c8c1f549846d4
03-逐插件详情/041-high-risk-area-locate-001/输出.json,2898,85063dc2a5768b265ada0adbca6cdf44d964a544eb8bb84be1c5602b4235e240
03-逐插件详情/042-risk-advice-generate-001/状态流转.txt,524,262266c54fe51ebc48174412947c742301d28111183772372c35e96848b82c4f
03-逐插件详情/042-risk-advice-generate-001/输入.json,694,c329a0cf9b19a6cf67108f1ec7d945ce1e0baf46b1e1819efb5250eac2ed84ff
03-逐插件详情/042-risk-advice-generate-001/输出.json,680,05cd2548ee1c824dac1695e881b36e09eea56619df15a7499331baee328f6ba6
03-逐插件详情/043-project-scheme-build-001/状态流转.txt,524,cd085efc272b1b4c9a2ccd4059a01189198f03cf61e8542a34642d70203fada9
03-逐插件详情/043-project-scheme-build-001/输入.json,1256,da1099c0b9e7e4a793881f6adeeeb6ed56aee6597305fa8518116718c4ca70d3
03-逐插件详情/043-project-scheme-build-001/输出.json,2461,73b6cb20386e330e892ae78a8566de2d4ec6d9e1037273f2add784432e841afb
03-逐插件详情/044-program-template-match-001/状态流转.txt,530,a96051cedcd5d0e4cdc9ee10007a885a36ecf0ea7f893b57172e5c8115dd6fa0
03-逐插件详情/044-program-template-match-001/输入.json,696,1dda4fc8783350086af1c7fe0204b6f9c1f1fd816ce60f155085291000bd2d37
03-逐插件详情/044-program-template-match-001/输出.json,4366,8d8180eaefb74e9bc25cae0df5d7e96828636a79b809941337dddeae85a8074a
03-逐插件详情/045-risk-heatmap-draw-001/状态流转.txt,515,9181c2bf24cb2dc0424ebc8da1cc095d3aecd05a29bbf00be4ed22951cf29c5b
03-逐插件详情/045-risk-heatmap-draw-001/输入.json,664,53e55a1d32bbdcfea799ad2001b8c9772d4b2045f214929af38019c6fb9c9a15
03-逐插件详情/045-risk-heatmap-draw-001/输出.json,1038,dee3ac80cb67f841abd6d20d2370f748caeb8a6a92004743d1d0b8f26123580a
03-逐插件详情/046-rule-engine-001/状态流转.txt,509,c198ac614ef1e03be0c9db95c7b31b18b1c65ebcc95d1d8443fac5a95dbd9285
03-逐插件详情/046-rule-engine-001/输入.json,567,d18d7573a96095c6e138d75bfa068b3192f0322583635f0d7773c17e031007cd
03-逐插件详情/046-rule-engine-001/输出.json,913,9ec21b808e6d5319b5d538667f25bff08032a2a4037b81ad5ec817e43a97ebdc
03-逐插件详情/047-rule-iteration-001/状态流转.txt,510,5c7ee75ed3c545745dbe9ebb30d82e48a5a966c27ef97c12a76b93bd9c2e5c7d
03-逐插件详情/047-rule-iteration-001/输入.json,674,77e1125eeb49d5b2b1bb86eaf82e01277b748ab6432fd73cb0398348921997f8
03-逐插件详情/047-rule-iteration-001/输出.json,875,a63ae7371719085aa7a792649243c8d0801fcfb829d1a1690f84921b6d914ad7
03-逐插件详情/048-sampling-select-001/状态流转.txt,509,e14842a08b096eeffc0e385286f48363e6cf030e7fea5caaac00c4155075ee59
03-逐插件详情/048-sampling-select-001/输入.json,586,b3dc30ac42f923509c4a3110bc15f88fde2daadc22031fb2f720e780567d53a4
03-逐插件详情/048-sampling-select-001/输出.json,533,43df2f698b78bc9963a247e1f30fedf8d80485ae4afc22f26f214f03f235bc40
03-逐插件详情/049-sample-size-compute-001/状态流转.txt,521,1594833ce0ef146769e51c6115e5ac3f8ae32e423280973733998a746b31b2b2
03-逐插件详情/049-sample-size-compute-001/输入.json,676,68230c3493e3a805ff4c7573777ca6834125d066bd4f0f3f8197a7ad7471573a
03-逐插件详情/049-sample-size-compute-001/输出.json,327,fcc8b167d7b8482649ee6e0699a36f1d43b3d9420634bcf9f358beb978ed6060
03-逐插件详情/050-site-checkin-track-001/状态流转.txt,520,1d8aad3491ccf6719d91482131635b7ba9f7f1187df1d33ae49115f24a2275de
03-逐插件详情/050-site-checkin-track-001/输入.json,588,861e26c0243e1c3ed255390654c8226a0e2cf87f597760ec0d5c5083a09e4f32
03-逐插件详情/050-site-checkin-track-001/输出.json,409,a410ef0f9ab95a423de31495f69680f4d274ef69b00c382cdef51d962f5f54f7
03-逐插件详情/051-strategy-align-001/状态流转.txt,512,d83a43407716c916ee469c641f6721c729a10549c79469c208cf6c228ad5cce3
03-逐插件详情/051-strategy-align-001/输入.json,655,b6631b0a15614eaa029a8ee7e9e8371c0e1a2a9c87532c69ed02b1f0ad4af853
03-逐插件详情/051-strategy-align-001/输出.json,1586,a2771d704f5d2c30de02dde26a5a5bf250ca8d3ca59e1c3f02ba65ee57fd3309
03-逐插件详情/052-annual-propose-001/状态流转.txt,512,41e90356e40e6b9f3a889c1c37b01ad2b3652975d6d58d2bf8f8192928ecf724
03-逐插件详情/052-annual-propose-001/输入.json,671,1413977ddf65b3408ca2b92fd354bd2c01b9a12b03821a94dc0cf3ad23b2a836
03-逐插件详情/052-annual-propose-001/输出.json,940,67da790017b1551c49b3969fd7c7599be03f3d1c97728870c50b9f5b65c791e1
03-逐插件详情/053-proposal-score-001/状态流转.txt,512,fb085babea82221f97dff9e988319307fdfdcd8e4d58a5d8689771dd644de63f
03-逐插件详情/053-proposal-score-001/输入.json,663,615d8fb5a9fa6ee2bdab26abc2f7b71ae739872c1be4a3e7d53fa45be32fafb4
03-逐插件详情/053-proposal-score-001/输出.json,424,7e84236279ef3f61f46de13d2673f96f1a20dc634b52fe76d0de73e5ccdab016
03-逐插件详情/054-project-library-001/状态流转.txt,515,8e51f01caaf497bc28cf065dd39ff73503ab3bb001a536a563cc9b5e045bcbe9
03-逐插件详情/054-project-library-001/输入.json,677,5923062f0d9c09c0e523ace094647d2195d56b9c10b107899f82d2d5fe44ef86
03-逐插件详情/054-project-library-001/输出.json,656,5886fdea9d4d955520bd7e7214fac4a3b0e2095eb2a2db344cbca55e8d15d685
03-逐插件详情/055-notice-generate-001/状态流转.txt,515,b61689b77d0dada9afd9d238c18afb122073afcfbfa6ac8b55edd54d36fb3672
03-逐插件详情/055-notice-generate-001/输入.json,683,ef72a4fe5b0c857030f842dc223d64bce18fafad5ca20c401e24e92c0ad8ff8e
03-逐插件详情/055-notice-generate-001/输出.json,502,6059b390b6e59817b9c68956f3adbaabb846c47514c35f216fdd7fcdb8b7467a
03-逐插件详情/056-priority-rank-001/状态流转.txt,509,33520b2f5caa7391a8995d5e78b70dc32cc22c68accf973b332f6bbaab560cf5
03-逐插件详情/056-priority-rank-001/输入.json,679,7ce3e29f15552f99c9f429ca7889fcc4447a185a83aadffa8e012d68bf564689
03-逐插件详情/056-priority-rank-001/输出.json,422,3a50a991c341c068ee3d8d7b7cf01ea62c188307eac597c52eb1655d95109b00
03-逐插件详情/057-annual-plan-build-001/状态流转.txt,515,0a33b2b4a2ba571899aa473fc2a5f87459c103d7acd33c62c7a7c7c641f94ff0
03-逐插件详情/057-annual-plan-build-001/输入.json,672,c42fddf5dec9b092dee328132e6474dd2fcdce26f389ac10f8f038a464a4dad8
03-逐插件详情/057-annual-plan-build-001/输出.json,681,4ab11e49e2085a2525eb84c0ca3f1464fbfad2b4cf38341e9bcf89cdf8c252f9
03-逐插件详情/058-report-frame-build-001/状态流转.txt,522,30fa1d888a01dd620bcf04a7b132123294f7efcaf600e431f8c650e5e914d5bd
03-逐插件详情/058-report-frame-build-001/输入.json,688,c5007a172e60a949761ac3b2b9c05aa99928004c64a17bdccde0ec5e335c616f
03-逐插件详情/058-report-frame-build-001/输出.json,939,1de25ed5653bf90b1fa95b4140fc0e5447218c073fd4a23c2c27ec8b9d9ebd46
03-逐插件详情/059-report-data-check-001/状态流转.txt,519,4238b35ea3de14d63d9afdd5f1531d42d071229e57a3e32a74d60ed9b6dc5da0
03-逐插件详情/059-report-data-check-001/输入.json,688,12b8d434963270608f8ea06796756a1135e353fef8800e0ac0a2cf0f288bb541
03-逐插件详情/059-report-data-check-001/输出.json,778,258bac3571a3bf3db98d13ab4c6b8a1125bd9a31d84581562f1537d2f870d977
03-逐插件详情/060-report-multi-review-001/状态流转.txt,525,6b9bd6f6145540b2c8e1f37f24f24e3984e3e87b425e71302e4eca2627477be9
03-逐插件详情/060-report-multi-review-001/输入.json,706,f85bae18c61ee76103a43a62bba6c62bcd1a6bda43af3d241129dbd8d3b2df2e
03-逐插件详情/060-report-multi-review-001/输出.json,406,ad2abb75bf17da20c5e68ea0199fc5ee9348fd06504e27d112f4abf1e1e08807
03-逐插件详情/061-notice-mask-publish-001/状态流转.txt,525,79b72c3a0e57a7feee3e9c06c3b16794e4d43bf6207ed7169dbfa6528fd68cfa
03-逐插件详情/061-notice-mask-publish-001/输入.json,694,453a66e2d4a50b0da6d699c442f31581442a21bb4cd1534ce3ac0ccffe794133
03-逐插件详情/061-notice-mask-publish-001/输出.json,530,ed2d178686d16cc4cce26f4c2daa4f4e72cd8fc1563bd34a82591f4da19a7f2b
03-逐插件详情/062-result-distill-001/状态流转.txt,510,f0ef38d1a15262d57c990fa974fb014bee0118b6e23a27e7adb24e542e551cb5
03-逐插件详情/062-result-distill-001/输入.json,684,c6b99b3355bfa7240380303aef970803f44f0745b56e99fd321e1b9876efe9af
03-逐插件详情/062-result-distill-001/输出.json,588,787561029139a9c3aed3997bc56158ebc25d7708b18e1ad0453d2286c61dabf9
03-逐插件详情/063-case-library-update-001/状态流转.txt,525,c13e2db00133a488e53626866bb3d67f82b4e2493788b38900432e646bead122
03-逐插件详情/063-case-library-update-001/输入.json,688,3f0ce684bd713a809f94205f58e5b077ea66fcb984fd783fdf86f6d3d14322c8
03-逐插件详情/063-case-library-update-001/输出.json,726,09e9cacafd2a43b1ff6959a9ffa49acec847cd929466351e941d6fe92e2e1d6d
03-逐插件详情/064-suspicion-flag-001/状态流转.txt,508,5931b42ed73c323450c1bc1147b4e5c686c713a67e79f573ba41939c3979ffbf
03-逐插件详情/064-suspicion-flag-001/输入.json,595,1c8232f0e183fd6326d13c954ddcdddb80c01cc7dac8fa0de6d93d371694e314
03-逐插件详情/064-suspicion-flag-001/输出.json,953,e14c173b83399b67add17fdf581fecc0e32817a22b491578248e5aedd4e8ad65
03-逐插件详情/065-suspicion-merge-001/状态流转.txt,515,816e417f95a0a4a735604e3bc9465bf039d4c64a3063cc8b5f74a166b445ca9c
03-逐插件详情/065-suspicion-merge-001/输入.json,1241,02e8bfddac6193a1b3fdd3018ee64a8e4a3ecc20c097f4c06181aec10050505f
03-逐插件详情/065-suspicion-merge-001/输出.json,4297,9d2a2578a81d0cbff39a6723a43893aa4663532d7aa50b6992068df580c280fd
03-逐插件详情/066-issue-type-judge-001/状态流转.txt,518,38bf8d7e90dc8bb01fb4d9a19420640a5537237e1ee5b23a2fbecaf07f66585f
03-逐插件详情/066-issue-type-judge-001/输入.json,685,706f2460f3854268a64ab2b788d30f1019f48960bade153d7ae5cb0bf156d836
03-逐插件详情/066-issue-type-judge-001/输出.json,4531,b50e33de21101e2767cf0db0167dd97ac25315a8ce38f2d09d77816d437d85da
03-逐插件详情/067-issue-amount-compute-001/状态流转.txt,530,eda4cde34458efeaf989052dd918e27dec5744ad9462acd99d6e4a29662730f5
03-逐插件详情/067-issue-amount-compute-001/输入.json,1251,acd02e230ddeab7e7982bc15e07d22dd93320f8f750a8d9b7f82976fe9891fc2
03-逐插件详情/067-issue-amount-compute-001/输出.json,5513,92ed0fe524da39cdb6e2f26b63a6aae5209289a3242a9a9fbcb5e6a8842ba018
03-逐插件详情/068-tag-manage-001/状态流转.txt,506,ff95e6fb6fb825238fa73a69ca5505a1f375680e87ebc05c2e27974176210c85
03-逐插件详情/068-tag-manage-001/输入.json,566,25e1dbff46710bf86f97782e418d64d0c286fb0f5ac34049b917d63f78a94586
03-逐插件详情/068-tag-manage-001/输出.json,1065,d9defb98ba3c47970403c211e6fcb73ad5f92cfbbddbc398fda9dca57d6e70d6
03-逐插件详情/069-team-forming-001/状态流转.txt,506,e49e0b18bc1b629ee50c2c1b477584840d460aa0dc16d05733e9c03ef216463f
03-逐插件详情/069-team-forming-001/输入.json,677,81be8939d8d73879fa99820df06fe384757d862a8d49cb40f224dfe837878f91
03-逐插件详情/069-team-forming-001/输出.json,1622,51926721e001b616b0682848cc11623fa2d0d72068d478e35b30c7fb42979e01
03-逐插件详情/070-staff-schedule-001/状态流转.txt,506,8b0b37f8e84c70daed399e1b853966362b6641ec40d3978fbd2c8577de59c63a
03-逐插件详情/070-staff-schedule-001/输入.json,652,34acc1670f3fc62f1348d528796bd8b24b2f5fb1556a16ba4669e2dcca0ff683
03-逐插件详情/070-staff-schedule-001/输出.json,4147,72428fee29b844e636f74ddb1faec3fdfb2d023c4adf41e8c6cd63de4ce14363
03-逐插件详情/071-effort-budget-001/状态流转.txt,503,eeecb5657150b2a95c499e6332c4c43433f25cd58a1d038f2356c10b5e29b813
03-逐插件详情/071-effort-budget-001/输入.json,662,883a8ce1d6037fee8192db09d5130fea331f6cd9a0566f9315acc9bcf0c53ac8
03-逐插件详情/071-effort-budget-001/输出.json,343,ed1450cdbb472828576737a23aa0dd39cd0fe0eb3d13e5d71baab2e4403766c1
03-逐插件详情/072-resource-conflict-detect-001/状态流转.txt,536,c5e1e0e67b220b9d27672b30f8027209cf1216278bc278ad88d8bd003b54dee0
03-逐插件详情/072-resource-conflict-detect-001/输入.json,1240,c221332f2f4437f9afc1be2e66bc398c698027289412e04fb1f55a5c2a3b790b
03-逐插件详情/072-resource-conflict-detect-001/输出.json,531,4405fefdd13054d6b9b7e4bb240c88139b5ea2e353e7346634ae6c7def465328
03-逐插件详情/073-violation-clause-match-001/状态流转.txt,536,b19e0652eee61e019c7fb61971a4e50a50dddf9995de41d3835c9205d2dc7f10
03-逐插件详情/073-violation-clause-match-001/输入.json,691,608ea5b81942a57adf459bc75765cd92f5a09391ec6cc3865a9130cdd63390b2
03-逐插件详情/073-violation-clause-match-001/输出.json,6163,40c7490edd0793e43c5ba718ef04d0f2b7ec332c906c022176f8d452d94eb193
03-逐插件详情/074-responsible-party-find-001/状态流转.txt,536,6f09bc748b94e08492d81bc9be1bd3ab8b2987fdb7e56b616c5673fda5fc57e3
03-逐插件详情/074-responsible-party-find-001/输入.json,1243,b373995a5a58ec0a19ccc9e19ee82ff9d1d54a4bd4ea606aa319511bfade7efc
03-逐插件详情/074-responsible-party-find-001/输出.json,6224,8a250d577032260f85611a1c3e146b0e2fb0beecebdf6e5ce2bbfec380f67d42
03-逐插件详情/075-issue-grade-001/状态流转.txt,503,77a865b50393e2452adeaf1317d52e2c392699ab0ffeb97e81b0ae4aded67ea6
03-逐插件详情/075-issue-grade-001/输入.json,1243,557c19fbc91bcc8c20363e2cff9f5f9b754e52a7fec178a0cfbfb5aae0a16709
03-逐插件详情/075-issue-grade-001/输出.json,6433,a0c3fb6c4187e0e6a57fa6e1c24d4bd8396cb7f28c349deacd2237ccfcc7c602
03-逐插件详情/076-auditee-feedback-001/状态流转.txt,518,60609a7bb071a528d9f9e257471c5fbcb42f46399400962b390abf768dc575a3
03-逐插件详情/076-auditee-feedback-001/输入.json,661,82aaddb7d4f5a22377733069dcbfab548cdde41bd60660c03cfbb962f899f2f3
03-逐插件详情/076-auditee-feedback-001/输出.json,8425,40cbcb14f0aa4cfae353bc272b16948be34e651aeab00892cef4f3be5c8020f9
03-逐插件详情/077-issue-final-review-001/状态流转.txt,524,119b1bb08aa738ce816d5bba7171a7b1deb8708d3db52d99801f05cb1a7d6f9b
03-逐插件详情/077-issue-final-review-001/输入.json,675,b6649cc03202d73e363feb9a0c27c0df8cdd88d0e676c15387bbdfde98b4d128
03-逐插件详情/077-issue-final-review-001/输出.json,8852,0569fba897e28d6be73abded42a8b9352e39617f6ad1445fddd17a827c3a92a9
03-逐插件详情/078-advice-match-001/状态流转.txt,504,55a429367ff97cb1b61f7c257e166287df17105a39a03b32bcdce3d6f95865d7
03-逐插件详情/078-advice-match-001/输入.json,678,c774d26bf426170806277c5c3821d6e239ebb1e6b6b8e8b2d5601be4a077c0cd
03-逐插件详情/078-advice-match-001/输出.json,2152,1d2acb8c6f7ad10999ba2f1b0da687791844c50c6ffec5eda0bc1b483c1b8c8b
03-逐插件详情/079-issue-desc-write-001/状态流转.txt,516,ec57c85fec47100dd003ed6315d84233bd4f3e9b7c4830b6de67ca53f895fa6e
03-逐插件详情/079-issue-desc-write-001/输入.json,686,f5dfc8859846ef697d0dcbe5460b0b0025efec51df7c19edd1a8bfe2f9ee07c4
03-逐插件详情/079-issue-desc-write-001/输出.json,4544,6433360cabee81ffc1fd6fd7de32b4089ab6d10fc7cb1e3c2904f38873ba3353
03-逐插件详情/080-remedy-dispatch-001/状态流转.txt,513,a54237318e787f9feb2ed42772c10bf45c3694643a2cd39cb2dc09587ba9a9e8
03-逐插件详情/080-remedy-dispatch-001/输入.json,684,87335cba73b885b0913ac6947ee3a7843b874687a1b706fc20f48a429b57977e
03-逐插件详情/080-remedy-dispatch-001/输出.json,2581,b863c8de8e8682c9a1c2719ff85d8bf759db2bcdefd6e16de44ff8de5fd53733
03-逐插件详情/081-remedy-plan-review-001/状态流转.txt,522,8bd68bf82226284d3cb14e874a702fcf91b5fbaa15391c50466997603cbd9b03
03-逐插件详情/081-remedy-plan-review-001/输入.json,668,279b585757ac3dc24c334c7ac61189fe9d70386e35acc8b30cc86d6a70589871
03-逐插件详情/081-remedy-plan-review-001/输出.json,2883,4bfd946be261b7a6296bc01a7cd3462c66e3bacc44d992f7b9c4b4a6973af308
03-逐插件详情/082-remedy-progress-track-001/状态流转.txt,531,69d0979e79b0346d90848d8d518292ad98537b680d1d70e307846ea3568d5e8c
03-逐插件详情/082-remedy-progress-track-001/输入.json,716,9229c8a62818512e418d8f389d02d012488be37f9e53948b3dd1cb40a67722c4
03-逐插件详情/082-remedy-progress-track-001/输出.json,742,086dc67caca4cb1e51afd225cd0128759adcb422938aa9b19d8a4d67cb23355a
03-逐插件详情/083-remedy-overdue-alert-001/状态流转.txt,528,88384cf7a2c192f8adf889eaa388546b00e24d8fecebd8c8c3b1c222322b8735
03-逐插件详情/083-remedy-overdue-alert-001/输入.json,700,0d849a90baa9f64ff301278da6f4cd6f3d064eacf6a75c8832c9177ed04c44a8
03-逐插件详情/083-remedy-overdue-alert-001/输出.json,441,d71a6f1278db66443bbea52e884cc086004070ffc99172a40f412d5836903ef2
03-逐插件详情/084-viz-analysis-001/状态流转.txt,512,e41aa9e1cd6a20e3c7f77a5bb02d0bec8bb0bca6a7f142e44cac9fcab3bb73cd
03-逐插件详情/084-viz-analysis-001/输入.json,567,46b4d0a9db6db530b5a2ae1a2a060d72a6b552df33952c058499ad5cbe502cce
03-逐插件详情/084-viz-analysis-001/输出.json,635,0f6f04f54cca60ad3c829934785c6bc39fd216562325afc1cdef785be056d692
03-逐插件详情/085-voucher-drilldown-001/状态流转.txt,517,94a3be0d347d12e853165c17522712f6c21207b1486a448b637a7549fada07cd
03-逐插件详情/085-voucher-drilldown-001/输入.json,685,4b81aff276ec11a662ac4bfa6afb8b94098d9c3d1d171539b1850397099c01b1
03-逐插件详情/085-voucher-drilldown-001/输出.json,19559,8d8ff722281bae374a7225f2ef6c151cf4b500ed6a749ce728357a25cfd7d5a7
03-逐插件详情/086-workflow-engine-001/状态流转.txt,521,4b0bea8ddd3812d3d0f85bd91568fb0558b132a791be3723f4f85e8d6de20186
03-逐插件详情/086-workflow-engine-001/输入.json,594,ce2c733f0011fc99ec2370aee2645b995e6d055ba14446c95d62f15c76c0aa50
03-逐插件详情/086-workflow-engine-001/输出.json,397,fee899fd01442508322bf18b97b49305cf550ed2ed9f2c23dc404eafae31ea08
03-逐插件详情/087-workpaper-borrow-approve-001/状态流转.txt,544,cae1690637a07fb96f68d6f07156a28b83ff95012fdc121c53bdc1f0a281698b
03-逐插件详情/087-workpaper-borrow-approve-001/输入.json,612,64e81064c5166cbdf508404e5c4e754ad7f14446eaa7dd0751ff79af2f71acbf
03-逐插件详情/087-workpaper-borrow-approve-001/输出.json,777,e43d7ec3b8ae8a29f04dda928ed4aee2072e1246ddf77f25601b42bb00fd616a
03-逐插件详情/088-workpaper-build-001/状态流转.txt,511,a08148821f194bf3ea68718438b21cec17b104f66ecb0ba10079a24ed497a1f8
03-逐插件详情/088-workpaper-build-001/输入.json,1239,95baee0bfa89766e66676bb39bef80c6fe5de920cae47bd76d074609c0103f67
03-逐插件详情/088-workpaper-build-001/输出.json,11496,1a8f5304d1aedc535eb69c1497ae7f1884082aea1cc60c488445c10a60477bce
03-逐插件详情/089-evidence-index-link-001/状态流转.txt,529,35fbde7df45e67425ade5a762fed917eebc8eed4da9a8ee07acdbf573bff61c3
03-逐插件详情/089-evidence-index-link-001/输入.json,1234,f6c2b4a9a12746e0b4dd7251beef1ee295f854230759d2b6dc761abf012c183b
03-逐插件详情/089-evidence-index-link-001/输出.json,10974,1a18ea8ea98a8f6ad49fd98e3bc773abb106106e89a2143fb5a4217eac61316a
03-逐插件详情/090-evidence-verify-001/状态流转.txt,517,403cee98d9554824093ec681b8ff3437d8410fff2182e71251a65e0951242fe5
03-逐插件详情/090-evidence-verify-001/输入.json,684,310a4f5c2c1bca53dc3d87d206f6d5fab6b93ae194fd8cce64d33f12f681119c
03-逐插件详情/090-evidence-verify-001/输出.json,915,19a8c5b604d4f950d09f12f20dd1488e0c479fe5f3790fe5455d9bc4b3e01fb4
03-逐插件详情/091-remedy-effect-verify-001/状态流转.txt,528,28f82647474c9afc1048da2af8e34accedf624b79e7fe133f5c206b8418f414f
03-逐插件详情/091-remedy-effect-verify-001/输入.json,1162,85c9dcef4615d88a8e9025f2659d3c149e1a2c52fe239688c6ceae131a1e09c2
03-逐插件详情/091-remedy-effect-verify-001/输出.json,500,702147ec3efa38801c173c4563530b90029662e73983559a7a80dafd701f250f
03-逐插件详情/092-remedy-close-001/状态流转.txt,504,5abd1f0ee6976d60acf1dde234c09d564f8cc4b0937fedc5179dc280d233dd35
03-逐插件详情/092-remedy-close-001/输入.json,678,1d85f0ad6125845f62ea700c4cfee7df52fa4c9372686516f9a02313a75f03f6
03-逐插件详情/092-remedy-close-001/输出.json,381,7985aa665953bb330e064b40af632e8c95631490ad98ce8438ffb0d0ffea0478
03-逐插件详情/093-effect-evaluate-001/状态流转.txt,513,7d1dba0e0217ace6cb9063c7f3a9ac7f4ee34d532d6f57db0b96ddc080f5ed45
03-逐插件详情/093-effect-evaluate-001/输入.json,664,edb989df74e021ec3595fc7a227e4489f4e0e594748fd4f5e060ee6f8477054e
03-逐插件详情/093-effect-evaluate-001/输出.json,425,f5884f6c8fb92b14ba28275f033ac9cf86a8ab23f03d934df689360fe460d85b
03-逐插件详情/094-remedy-publish-001/状态流转.txt,510,5867a2e50a9328daa9560b7d1cf168c5de5e0a26a14ca116b33183e503cb987c
03-逐插件详情/094-remedy-publish-001/输入.json,662,eb69069e7ba2de050234541b5bff259a8973f08282870f6af1bc4171863dbf34
03-逐插件详情/094-remedy-publish-001/输出.json,448,a6695b797009841761475b665d0036bf2bccbdb3ea73e4d32fa447ac8a7f83c7
03-逐插件详情/095-workpaper-reconcile-001/状态流转.txt,529,3c9ef76bff2f144d400b7a8cac87044a99a74eef19866570e98dfc5fa12d919f
03-逐插件详情/095-workpaper-reconcile-001/输入.json,688,d04a4707fc8816616f2bed4f34d1edd06b4f3d6ae18bdfbb680bfbceaafb5657
03-逐插件详情/095-workpaper-reconcile-001/输出.json,286,a055d8b487f4c04ff4053c35eae54ca329e7f71df59f75d0bfbd86d8103f0583
03-逐插件详情/096-workpaper-review3-001/状态流转.txt,523,3ac45f8ad3bbbbc8132760f2bd9896787f4ded50ba6bf0f0289c33b5a371f612
03-逐插件详情/096-workpaper-review3-001/输入.json,1248,a872b30d4951762de018dc371c19055ac0d4b45f70d39067b1ed5b6b1b4973da
03-逐插件详情/096-workpaper-review3-001/输出.json,7464,c4a15221d7189dd80feae93f6b1b94e27e8234b76f689fbd1f0e56c48e3848bf
03-逐插件详情/097-e-signature-001/状态流转.txt,505,95a819cf163b2c2bf337199311dc7a89aa8841caaa9c9fdd42ea9d97ff62f666
03-逐插件详情/097-e-signature-001/输入.json,668,ba7e2c452d902b7d45ae4cac71798a10ef52065ea933175e653651249f2c8128
03-逐插件详情/097-e-signature-001/输出.json,4995,52b60947045f231dc2746e56d31f0ca988139264c4c54e29d6e2397887a282ea
03-逐插件详情/098-workpaper-encrypt-store-001/状态流转.txt,541,fc172cdfad84dabd75a3156c6b896e62c0df41ef1bd28bbc87c9fc07f9215237
03-逐插件详情/098-workpaper-encrypt-store-001/输入.json,692,5869fcf4793a91c67eaae27908939027d5ff0c293814f8cc20e62ccae4bceb06
03-逐插件详情/098-workpaper-encrypt-store-001/输出.json,5776,8b99628198387dd414564ae0cbada925b08dc6af4c6669ff367be22e1a28aa23
03-逐插件详情/099-workpaper-template-update-001/状态流转.txt,547,99c19e2fb6add58109ebadda14434041c736c0b911050d14d53e600632dde983
03-逐插件详情/099-workpaper-template-update-001/输入.json,700,9cf2031b9467e3bb60563d7f2ac8bc917516c9eaa3717bda0d389dde24945503
03-逐插件详情/099-workpaper-template-update-001/输出.json,7319,39f85388ddba2ded3970596e5421472d4bf135d26e4e1a4618331caa2ab03204
03-逐插件详情/100-workpaper-version-diff-001/状态流转.txt,538,76463d5000c4bb58639e85a722e94e783a09ab3fae5ae6e2ff40e4f463199833
03-逐插件详情/100-workpaper-version-diff-001/输入.json,694,978f09ebf40559e9aee6063c6abf48b7fa33e1dae74ce424f9198c87fb9a119a
03-逐插件详情/100-workpaper-version-diff-001/输出.json,7695,902e8f2b045ac8295836569562b3956774f355297f1de6c3c6fa8e79c2c5054a
04-中间数据状态/001-asset-check-001-asset-result.json,588,fb8582fbfbb7e11326074d24112a853884038f4a5967af22b82fd1385fb14b7b
04-中间数据状态/002-audit-log-001-audit-log-set.json,1105,f5250033b00f374e16213446ef4a65eb7b800b6173a20f32e7026177330a4f0b
04-中间数据状态/003-biz-standardize-001-standard-biz-set.json,579,55562a7aa1e501d424dc9f6312c7b478024101bfd15e824f8f60962b0bf8e104
04-中间数据状态/004-confirm-letter-001-confirm-result.json,1042,5262b7b32f0128847e230d518c3c720d8f936765cd53551d95618cc450fd724f
04-中间数据状态/005-cross-dept-inquiry-001-inquiry-result.json,1459,24baa3ccde43faab37bfb5f1c4cb9e880d9302cc00580de2e8d54793b68c4107
04-中间数据状态/006-data-encrypt-001-encrypted-ref.json,466,a371c92b8867418e05c1b84233f6599522aed803674faeb19aa0938d4168c4ec
04-中间数据状态/007-data-mask-001-masked-set.json,448,bf1787cfe20b50a995e6bf8350024e3cf3232544d67de9179dca18fd4cb36a35
04-中间数据状态/008-demand-collect-001-demand-set.json,1094,14c1be438665230e80eb1cd874fd78cc62b0dd66f6916c46275f0ab71be36da7
04-中间数据状态/009-evidence-photo-001-photo-evidence.json,1147,1393d04dda458e895dc9f1c12fe39d9ba73c48c56a314d9fb7c01d2fd8388e6b
04-中间数据状态/010-evidence-archive-001-archived-evidence.json,670,de064895e991c37e4afe20eff348098afe7b0ecbb2e9f720a3522074af4969e9
04-中间数据状态/011-extension-approve-001-extension-decision.json,915,38f33adc9ff2b33b6423e31ae433c0a340d16344e2f3a0e98608bc2909923529
04-中间数据状态/012-finance-clean-001-clean-finance-set.json,24020,374546d82ebe6a4ba0bb380051a16ca799149991ef56fee99928fd95d27c563d
04-中间数据状态/013-finance-anomaly-alert-001-finance-anomaly-set.json,6610,a834ebdf91b9578dfdcc635d057acf93e332f35c241ddb5a7486c55a1a620ee1
04-中间数据状态/014-fraud-risk-match-001-fraud-risk-set.json,477,2a2e01043a3a4b19dcea9f44b74ec6f7975815c4bee2036003caf4e1f2f7ede7
04-中间数据状态/015-fulltext-search-001-search-hits.json,253,691ab73a3efdb1c1bb1545ead17d72a142d599fae54a5713cd17c51ba782c89b
04-中间数据状态/016-industry-risk-benchmark-001-industry-risk-set.json,670,6feef0526d0ce20acce9722dc810cc0f231ce7532f2975b120fefd2e890f4715
04-中间数据状态/017-internal-control-risk-map-001-ic-risk-set.json,704,1d378b906b5bb00dc2d37ebd5f47535ccca51e05ca9aac4706e9156f40fc8492
04-中间数据状态/018-interview-record-001-interview-note.json,943,1dd132f4972cb47cb58049e783c8e195cc5b7ac225d7386457fa92bc6bd982ef
04-中间数据状态/019-inventory-count-001-inventory-result.json,552,e14fb803b7bc9c53eccb7b31ed6a2d4887922d08e4dec6f9ae637b4695036075
04-中间数据状态/020-issue-trend-analysis-001-trend-report.json,587,b7c564f01b04344570d20814c7e1734762dee442fa80d7313a1836bd9f0a37b4
04-中间数据状态/021-lineage-track-001-lineage-graph.json,263,5a471a7430f8e28d604b7a6c40bc08a6c74ceb1f0fd1a81327884b66bba093ab
04-中间数据状态/022-macro-policy-risk-scan-001-policy-risk-set.json,430,4ea00aca34db4c07d9986b5061b3cc03df3c1144f541997245205847cc7742fe
04-中间数据状态/023-master-mapping-001-master-map.json,519,01e876ac3bd75c51166a1d8be22e967d1d194232d724edbab75c460e3cf621f3
04-中间数据状态/024-material-submit-001-submitted-material.json,1114,d8f938329340edc29310c1561cc9a53a815fc86d2af29159c3601254955e406a
04-中间数据状态/025-material-precheck-001-precheck-report.json,805,1c549e9b8aac6e96851a4b2ccb0d626b11759ed8060da5cf9a42a76b7dc9887e
04-中间数据状态/026-meeting-minutes-001-meeting-minutes.json,729,c254a26c81dc90a7c06f46d79c2cab2a1f1b577f73f66f897c491808b994a427
04-中间数据状态/027-metadata-manage-001-metadata-dict.json,518,56bf0525167da0b8b889f353ee73beba5bf88c9701694c2cbcd161934143de80
04-中间数据状态/028-method-distill-001-method-library.json,521,f97495a61ed43f4bfdee858cbaad2bf5308f3cc49271e684c9c654b04b1bc7a0
04-中间数据状态/029-metric-compute-001-metric-output.json,1686,f5ecc22bafa3ae65e45d92b2c6cf2ba329825fcda0004cbfb15d8674f2a1b8d5
04-中间数据状态/030-multi-source-collect-001-audit-source-set.json,493,908dc41f9aecc50ee33c3b17640cc3d2407d8adb131d67679e47b35b858a62dd
04-中间数据状态/031-nlp-process-001-nlp-output.json,812,154e29275b93c652d0d0ff6aaf1968affe1a05188c04139fbace5ada3d38472b
04-中间数据状态/032-ocr-extract-001-ocr-text.json,609,31e34dc84a77022ddfab1c5ad3467c28a0fe10b2a8d4ad0412598febc51eb270
04-中间数据状态/033-permission-control-001-access-decision.json,523,1b3db1c3d38b5d37fafea577d66a82ba055a1cd42f72a1ca948025bbbc1b23bf
04-中间数据状态/034-plan-version-control-001-plan-version.json,883,696c8a176e9f5ab8436f18429914ad21747978b7d43ca018e07db758e6274dae
04-中间数据状态/035-process-gap-detect-001-process-gap-set.json,430,d3c0d614f923bb0e7a7f46f1c2ad0b664be6c0b282c38bc7d246379388f250f1
04-中间数据状态/036-progress-report-001-progress-daily.json,282,d9a9a44b7460de4ba7d3f8e0bb478d63b89edfe4a28295c34e87e36927d0086f
04-中间数据状态/037-project-quality-score-001-quality-score.json,365,72ff641072050110ab4bebd6cfc8a00c886483af4a0e3c82d01e07351c224156
04-中间数据状态/038-quality-check-001-quality-report.json,1462,c9dd6a208463a89f5ea1673136c811291511ccd7e5bf93b2040435b3134bbfc1
04-中间数据状态/039-risk-matrix-build-001-risk-matrix.json,11001,3e1051b79257e87879d6c2ab5f71a91846428d0340cecc239a0951e856ba32a0
04-中间数据状态/040-risk-level-assign-001-risk-level.json,4976,4f130ba37af67bbb003020f1b6453f1e50d3fe2e7d6ccd936530157fe20dca26
04-中间数据状态/041-high-risk-area-locate-001-high-risk-area.json,2672,e8c72b2a0427f5e09e6b13b59ac50fb31f10fff0efb6eba52f1fa1529cc4bb60
04-中间数据状态/042-risk-advice-generate-001-risk-advice-set.json,609,2781f31b11a79a222fd52267c1888918f80e01c30961aa2bf3a18bfa6ace51db
04-中间数据状态/043-project-scheme-build-001-project-scheme.json,2273,b725ef695052c13db92a9bc6cc32665f19926652d6df9e79ced0a2bb010650fd
04-中间数据状态/044-program-template-match-001-program-template.json,4052,832eb51961267827733cbfc21920d6b4a0b5715a393367b1ec0ae87f4b82177a
04-中间数据状态/045-risk-heatmap-draw-001-risk-heatmap.json,916,413824be34bb0cdfa672e6dcd0b2444a0db32aa12dd01923c1447eb41639a92d
04-中间数据状态/046-rule-engine-001-rule-evaluation.json,800,6dd054b30df896d2f45204ae026ef6dce81721a7cf1330dcf046ebf318dd96ba
04-中间数据状态/047-rule-iteration-001-updated-rule-pack.json,776,268c41d98904a8d61dade098c8e8871b8472ade4446f0eec15f696b715079f27
04-中间数据状态/048-sampling-select-001-sampling-plan.json,472,21647be7a4e410d9e3b1983acd74b187367900804c9a26bd08d277672f7b7ae2
04-中间数据状态/049-sample-size-compute-001-sample-size.json,278,d8fe9f4f55f64dc66e5268e029d5a341f60d3773a943c1fa1493b6fdb8aaa7fd
04-中间数据状态/050-site-checkin-track-001-checkin-log.json,352,d4f5ed86dc60fdee3915fa8ed4d2fb32b09381a7cb1d7fbc76f886251ab72e15
04-中间数据状态/051-strategy-align-001-aligned-demand.json,1456,628657c7648caf0583adbf78de3f1de2233988463801b33d6b6d7a534752aee7
04-中间数据状态/052-annual-propose-001-proposal-set.json,848,4a81707797b07446f72bc716d44e5c71704c2ca17801aea07eeebfb506614666
04-中间数据状态/053-proposal-score-001-scored-proposal.json,363,7a0377206f4a2b23bfefa50f490491e96f42edaa2a7e5212baf4f74ea9b77b23
04-中间数据状态/054-project-library-001-project-snapshot.json,582,49baa21a24a33ed23ef9b20806857a7861405944bcc89360e00536b62badc5ba
04-中间数据状态/055-notice-generate-001-audit-notice.json,446,bdc85008c15bfbf2d32d1660b59197abac8585d98cf81faf23054d8d6b9fc4d2
04-中间数据状态/056-priority-rank-001-priority-order.json,362,f7fa0528a347940d84fc27afc6f55dee9623a9de1ee261b5d71e537f658f3a66
04-中间数据状态/057-annual-plan-build-001-annual-plan.json,596,59671498b48e4eed33b6922b686f7ca216cf0a19ccf4c27a09b16d537461843e
04-中间数据状态/058-report-frame-build-001-report-frame.json,839,d1395582285e0e3e719d21db74571edcf84b1eeb4ae804f310e9decdc68b85d5
04-中间数据状态/059-report-data-check-001-report-check-report.json,691,737ec1c6fe6efc80431c61d3c584560f4c61f719091ab0116e17ce12956b855a
04-中间数据状态/060-report-multi-review-001-report-approved.json,349,c998116aa7e7cdc47c5d705a588616f110878a81b9a79fa7a40a64e8a0929f1f
04-中间数据状态/061-notice-mask-publish-001-published-notice.json,474,17fcdfec6c791f9c34804dbbdc693a2c759c057e8c07f70c7c4f86568a01a2b9
04-中间数据状态/062-result-distill-001-distilled-result.json,534,55eaf5be8418f644b9b307ff512a389126b6cf9275587241c9f2c161bfec14cb
04-中间数据状态/063-case-library-update-001-case-entry.json,660,c7daed38ca46f6a5f7e63968e4ae7130e05c8016c03fab27b3120f6b3d5f4b09
04-中间数据状态/064-suspicion-flag-001-suspicion-set.json,866,cf199ddf8c6218b1f20a86a7fcc85ede3a059ce469c8d1f61faf06eb92bf7e51
04-中间数据状态/065-suspicion-merge-001-merged-suspicion.json,4001,36cec100de26476c1ce90864011d35bda830448a7961486a460517cde11f5977
04-中间数据状态/066-issue-type-judge-001-issue-type-set.json,4275,3fa603015202b449ceb691ca872219feadfb2efba914d4657c334bbf731dbb15
04-中间数据状态/067-issue-amount-compute-001-issue-amount.json,5203,f431f961401245c2ca92df1aea328d7b30b7856182e30fb0969e2f2d31d9f3c6
04-中间数据状态/068-tag-manage-001-tag-tree.json,937,9fb38393d6e0d2d580b636a5f42af2656cf6c15949e7d6859e275ada3c981d8d
04-中间数据状态/069-team-forming-001-team-scheme.json,1451,7dea6a4feeb80ce865ed2735323b0e371e9c31e932e3a17baba5408d4f8281d4
04-中间数据状态/070-staff-schedule-001-schedule-plan.json,3764,0da06f93a32525c245a68bdfcc1da9cf4f162246d6d7037429552b1d4f7eb6d6
04-中间数据状态/071-effort-budget-001-effort-budget.json,292,4510cedd9639259f986a6e3fba825ac3db621214dedc9125d55c0a3f0b1fff2a
04-中间数据状态/072-resource-conflict-detect-001-conflict-alert.json,469,af0846126f7602396083ae068563be8c15414fb46087957af3227323edbccdda
04-中间数据状态/073-violation-clause-match-001-violation-clause.json,5849,8b6a7543c7c7b3b9dc08f5ec7e7e0c67975f8ce185c8bca01fa7022806d32e2e
04-中间数据状态/074-responsible-party-find-001-responsible-party.json,5905,9057115670845f2a24451f083395a875fd8b6581cc57aadf16af37303a5ea662
04-中间数据状态/075-issue-grade-001-graded-issue.json,6061,07ade66ecd69ac11b1ecfe2ceae44fc754f20aafd41a8941e0af47cb54294a4e
04-中间数据状态/076-auditee-feedback-001-feedback-set.json,7925,6acce34f47a20010d398bc335fed9c62215486040fad8c3ce1ac12d21cb64aa1
04-中间数据状态/077-issue-final-review-001-final-issue-set.json,8325,c4d7d83601ffcb0737b6ba5b97f8ffb6b1323d17ff7d177c4f0643fb07ae328c
04-中间数据状态/078-advice-match-001-advice-set.json,2002,d944f5aaf1dab0f298f2d95da88f29b2b844efe07fb160a714d4656f8136b7bb
04-中间数据状态/079-issue-desc-write-001-issue-desc.json,4330,894171941975d93f8648ea27038ce1cfd49d4ac562957375f0d692586161ae24
04-中间数据状态/080-remedy-dispatch-001-remedy-task.json,2356,929222592b0cb352138eceabb88b7ac987586f53481ee47bae086d4e79ffd82b
04-中间数据状态/081-remedy-plan-review-001-remedy-plan-approved.json,2625,a6524141ad2c78750422d3a3dc6124d1c722965ae5ae224ec219890a759e1ac3
04-中间数据状态/082-remedy-progress-track-001-remedy-progress.json,657,d71b4b77c8a13fde8ac5b8374198e7678d0e733becb40f9189789cdc9d668d1a
04-中间数据状态/083-remedy-overdue-alert-001-overdue-alert.json,380,4a7e72285f1f1d5b03dbf835f5e6f55db0d5e735c5a1488fbe51dceb3403d9ca
04-中间数据状态/084-viz-analysis-001-viz-output.json,577,041804357d818df36efa719527cb5178aa715ca9c567851d3ebbd3b740a1d44f
04-中间数据状态/085-voucher-drilldown-001-voucher-chain.json,18170,50066704dcdfdef820cf65f043d88fa9a1c7ce1c9d0c4474fc2943ccd7cba5f8
04-中间数据状态/086-workflow-engine-001-workflow-state.json,333,65bbb39b8c4b1e37eae3ec4926605b2a8e9153207b1a6677c733438e230e48ff
04-中间数据状态/087-workpaper-borrow-approve-001-borrow-status.json,700,54e4ce3f235cb7d25bb6499cfd6775f65b003cf792cdb0e34cb64e7f967d3f51
04-中间数据状态/088-workpaper-build-001-workpaper-draft.json,10841,2f0aa4940b61b3543f4482d67a5fd48949403316614d128a0fcbc4e10ddd0183
04-中间数据状态/089-evidence-index-link-001-evidence-index.json,10292,ca144bffeade9b5ad13f1d75dab970ae9a87f02e7f7531fa6b49ee7c828c25e6
04-中间数据状态/090-evidence-verify-001-evidence-verdict.json,817,eec0a60804f5b4c6ee3be49dc754874b8eaa1cc1475afa2c6b7995f7d34a177c
04-中间数据状态/091-remedy-effect-verify-001-remedy-verdict.json,438,f8892aa11160e1b513181c820ae802078f82822d872c7bfa013aa0ffade99a58
04-中间数据状态/092-remedy-close-001-remedy-ledger.json,324,fea4ae240794359dee04f105a1ac41134b3cf67f9d0cbd737f4c1fd056ee6655
04-中间数据状态/093-effect-evaluate-001-effect-report.json,364,557a6c76576158d7471c3a6388c22a40b427e819ddff3d23ab7d701f7a226ea4
04-中间数据状态/094-remedy-publish-001-published-remedy.json,394,67059736c2a28c0f80776912f1093112ac7b2422ab981e91b705f2167a6fdf6f
04-中间数据状态/095-workpaper-reconcile-001-reconcile-report.json,240,195db96250c915707981d1cac7169e362e40d0069920348b868101bf084bfc59
04-中间数据状态/096-workpaper-review3-001-review-status.json,6847,ef68b41bb5a12c4a99979871fe8ca9502fa27331d2f4073fb8de18c01cb67850
04-中间数据状态/097-e-signature-001-signed-workpaper.json,4635,97acb64c4d900bee6a6f37dea44795b2f57d5dd0c31813b96304d934e0eb81be
04-中间数据状态/098-workpaper-encrypt-store-001-encrypt-status.json,5366,d637ddee66e1117ef1a9be9522f2067fd33145805325f9b04d31cfc0c2cc6c96
04-中间数据状态/099-workpaper-template-update-001-template-update-set.json,6748,251fd06563f79cb26276b41fa5f8cd67fbd9212b11e6c77ef8e3f31e548cd108
04-中间数据状态/100-workpaper-version-diff-001-version-diff-report.json,7072,a6862c8ff2b3f19db697cdb1cbae2a2f9471bd809e63136b001f3630e4eb2e64
05-最终结果/01-advice-match-001/output-advice-set-2600eccfbc97b6dc.json,2002,d944f5aaf1dab0f298f2d95da88f29b2b844efe07fb160a714d4656f8136b7bb
05-最终结果/02-annual-plan-build-001/output-annual-plan-be9f709ceabef85f.json,596,59671498b48e4eed33b6922b686f7ca216cf0a19ccf4c27a09b16d537461843e
05-最终结果/03-asset-check-001/output-asset-result-85d408a9a9382187.json,588,fb8582fbfbb7e11326074d24112a853884038f4a5967af22b82fd1385fb14b7b
05-最终结果/04-audit-log-001/output-audit-log-set-3782d9454d927376.json,1105,f5250033b00f374e16213446ef4a65eb7b800b6173a20f32e7026177330a4f0b
05-最终结果/05-biz-standardize-001/output-standard-biz-set-f2153b6f959f08bc.json,579,55562a7aa1e501d424dc9f6312c7b478024101bfd15e824f8f60962b0bf8e104
05-最终结果/06-case-library-update-001/output-case-entry-4ae44708bdfbb304.json,660,c7daed38ca46f6a5f7e63968e4ae7130e05c8016c03fab27b3120f6b3d5f4b09
05-最终结果/07-confirm-letter-001/output-confirm-result-74b01a21a00e76fb.json,1042,5262b7b32f0128847e230d518c3c720d8f936765cd53551d95618cc450fd724f
05-最终结果/08-cross-dept-inquiry-001/output-inquiry-result-0a29a2f8d5780b8f.json,1459,24baa3ccde43faab37bfb5f1c4cb9e880d9302cc00580de2e8d54793b68c4107
05-最终结果/09-data-encrypt-001/output-encrypted-ref-12cbf0e6bc264459.json,466,a371c92b8867418e05c1b84233f6599522aed803674faeb19aa0938d4168c4ec
05-最终结果/10-data-mask-001/output-masked-set-aa8917756b91f1ae.json,448,bf1787cfe20b50a995e6bf8350024e3cf3232544d67de9179dca18fd4cb36a35
05-最终结果/11-effect-evaluate-001/output-effect-report-aba12271a9a7ad01.json,364,557a6c76576158d7471c3a6388c22a40b427e819ddff3d23ab7d701f7a226ea4
05-最终结果/12-effort-budget-001/output-effort-budget-136ffa919e8373c3.json,292,4510cedd9639259f986a6e3fba825ac3db621214dedc9125d55c0a3f0b1fff2a
05-最终结果/13-evidence-archive-001/output-archived-evidence-1f7a495f699421ca.json,670,de064895e991c37e4afe20eff348098afe7b0ecbb2e9f720a3522074af4969e9
05-最终结果/14-evidence-verify-001/output-evidence-verdict-7052ead207c76540.json,817,eec0a60804f5b4c6ee3be49dc754874b8eaa1cc1475afa2c6b7995f7d34a177c
05-最终结果/15-extension-approve-001/output-extension-decision-53baf051c743b358.json,915,38f33adc9ff2b33b6423e31ae433c0a340d16344e2f3a0e98608bc2909923529
05-最终结果/16-fulltext-search-001/output-search-hits-9a17644cc7996e76.json,253,691ab73a3efdb1c1bb1545ead17d72a142d599fae54a5713cd17c51ba782c89b
05-最终结果/17-interview-record-001/output-interview-note-28633ea0c0e2693f.json,943,1dd132f4972cb47cb58049e783c8e195cc5b7ac225d7386457fa92bc6bd982ef
05-最终结果/18-inventory-count-001/output-inventory-result-2bbfbe552f689333.json,552,e14fb803b7bc9c53eccb7b31ed6a2d4887922d08e4dec6f9ae637b4695036075
05-最终结果/19-issue-desc-write-001/output-issue-desc-d86cd007e3b98c1a.json,4330,894171941975d93f8648ea27038ce1cfd49d4ac562957375f0d692586161ae24
05-最终结果/20-lineage-track-001/output-lineage-graph-9a5ef2d54c6da9b6.json,263,5a471a7430f8e28d604b7a6c40bc08a6c74ceb1f0fd1a81327884b66bba093ab
05-最终结果/21-material-precheck-001/output-precheck-report-a65b8a46c59a7ee1.json,805,1c549e9b8aac6e96851a4b2ccb0d626b11759ed8060da5cf9a42a76b7dc9887e
05-最终结果/22-meeting-minutes-001/output-meeting-minutes-6a077aae3a5e7068.json,729,c254a26c81dc90a7c06f46d79c2cab2a1f1b577f73f66f897c491808b994a427
05-最终结果/23-metadata-manage-001/output-metadata-dict-e84b78568f4af2d8.json,518,56bf0525167da0b8b889f353ee73beba5bf88c9701694c2cbcd161934143de80
05-最终结果/24-method-distill-001/output-method-library-e366e286398c49ba.json,521,f97495a61ed43f4bfdee858cbaad2bf5308f3cc49271e684c9c654b04b1bc7a0
05-最终结果/25-metric-compute-001/output-metric-output-858c52990f03871c.json,1686,f5ecc22bafa3ae65e45d92b2c6cf2ba329825fcda0004cbfb15d8674f2a1b8d5
05-最终结果/26-multi-source-collect-001/output-audit-source-set-e940ce3dca462912.json,493,908dc41f9aecc50ee33c3b17640cc3d2407d8adb131d67679e47b35b858a62dd
05-最终结果/27-nlp-process-001/output-nlp-output-65b3cd4da8e9d9fc.json,812,154e29275b93c652d0d0ff6aaf1968affe1a05188c04139fbace5ada3d38472b
05-最终结果/28-notice-generate-001/output-audit-notice-012e4e30bfb32e90.json,446,bdc85008c15bfbf2d32d1660b59197abac8585d98cf81faf23054d8d6b9fc4d2
05-最终结果/29-notice-mask-publish-001/output-published-notice-097547cd61dcc1dd.json,474,17fcdfec6c791f9c34804dbbdc693a2c759c057e8c07f70c7c4f86568a01a2b9
05-最终结果/30-ocr-extract-001/output-ocr-text-469c870a22623b31.json,609,31e34dc84a77022ddfab1c5ad3467c28a0fe10b2a8d4ad0412598febc51eb270
05-最终结果/31-permission-control-001/output-access-decision-7cfe561bf7550768.json,523,1b3db1c3d38b5d37fafea577d66a82ba055a1cd42f72a1ca948025bbbc1b23bf
05-最终结果/32-plan-version-control-001/output-plan-version-3d268db6109b8da6.json,883,696c8a176e9f5ab8436f18429914ad21747978b7d43ca018e07db758e6274dae
05-最终结果/33-progress-report-001/output-progress-daily-0d617d5f4cfa6210.json,282,d9a9a44b7460de4ba7d3f8e0bb478d63b89edfe4a28295c34e87e36927d0086f
05-最终结果/34-project-quality-score-001/output-quality-score-87a53604217d6a77.json,365,72ff641072050110ab4bebd6cfc8a00c886483af4a0e3c82d01e07351c224156
05-最终结果/35-quality-check-001/output-quality-report-4bdfe153cbde541a.json,1462,c9dd6a208463a89f5ea1673136c811291511ccd7e5bf93b2040435b3134bbfc1
05-最终结果/36-remedy-overdue-alert-001/output-overdue-alert-8dad958720735a1c.json,380,4a7e72285f1f1d5b03dbf835f5e6f55db0d5e735c5a1488fbe51dceb3403d9ca
05-最终结果/37-remedy-publish-001/output-published-remedy-3c5b826eb38b0199.json,394,67059736c2a28c0f80776912f1093112ac7b2422ab981e91b705f2167a6fdf6f
05-最终结果/38-resource-conflict-detect-001/output-conflict-alert-44cc9887b84a6785.json,469,af0846126f7602396083ae068563be8c15414fb46087957af3227323edbccdda
05-最终结果/39-risk-heatmap-draw-001/output-risk-heatmap-9a36641a084ac5bd.json,916,413824be34bb0cdfa672e6dcd0b2444a0db32aa12dd01923c1447eb41639a92d
05-最终结果/40-rule-engine-001/output-rule-evaluation-3b2456a4180bc79b.json,800,6dd054b30df896d2f45204ae026ef6dce81721a7cf1330dcf046ebf318dd96ba
05-最终结果/41-rule-iteration-001/output-updated-rule-pack-63bcf54bda9da9a8.json,776,268c41d98904a8d61dade098c8e8871b8472ade4446f0eec15f696b715079f27
05-最终结果/42-site-checkin-track-001/output-checkin-log-accf2f740c9562fe.json,352,d4f5ed86dc60fdee3915fa8ed4d2fb32b09381a7cb1d7fbc76f886251ab72e15
05-最终结果/43-suspicion-flag-001/output-suspicion-set-263de00cc9690c06.json,866,cf199ddf8c6218b1f20a86a7fcc85ede3a059ce469c8d1f61faf06eb92bf7e51
05-最终结果/44-tag-manage-001/output-tag-tree-9f02df2e70e47e2c.json,937,9fb38393d6e0d2d580b636a5f42af2656cf6c15949e7d6859e275ada3c981d8d
05-最终结果/45-viz-analysis-001/output-viz-output-c9dcb0db0bdecd46.json,577,041804357d818df36efa719527cb5178aa715ca9c567851d3ebbd3b740a1d44f
05-最终结果/46-voucher-drilldown-001/output-voucher-chain-eba51fdc5736936c.json,18170,50066704dcdfdef820cf65f043d88fa9a1c7ce1c9d0c4474fc2943ccd7cba5f8
05-最终结果/47-workflow-engine-001/output-workflow-state-d010a13caebec7ce.json,333,65bbb39b8c4b1e37eae3ec4926605b2a8e9153207b1a6677c733438e230e48ff
05-最终结果/48-workpaper-borrow-approve-001/output-borrow-status-c249e28684c276e6.json,700,54e4ce3f235cb7d25bb6499cfd6775f65b003cf792cdb0e34cb64e7f967d3f51
05-最终结果/49-workpaper-encrypt-store-001/output-encrypt-status-ed1f6e7a6617b363.json,5366,d637ddee66e1117ef1a9be9522f2067fd33145805325f9b04d31cfc0c2cc6c96
05-最终结果/50-workpaper-template-update-001/output-template-update-set-72e8196978588f60.json,6748,251fd06563f79cb26276b41fa5f8cd67fbd9212b11e6c77ef8e3f31e548cd108
05-最终结果/51-workpaper-version-diff-001/output-version-diff-report-d63294efb2dd69a2.json,7072,a6862c8ff2b3f19db697cdb1cbae2a2f9471bd809e63136b001f3630e4eb2e64
05-最终结果/最终结果.md,14830,d8f1a8781684035e8bab850f61396f22d5dbc921d72cdc2866754190796f166b
06-回归日志/全量回归-junit.xml,171682,7446072a042f7c9a33355b4d592918c17198d64df2e14b2e1579fb82111d3a1d
06-回归日志/全量回归-完整输出.log,6782,dc49729cf7c17deb8a3d02aec863b822ab480af757105cbe2fa6a8a3ba2ab13b
06-回归日志/结果小结.md,1682,85f40d95903831efd7cdb5be350073c744951aac95b2aa9d0cc4d5ae90b48a7c
06-回归日志/逐用例清单.csv,145269,1d823b0eaa0e7a3b040701ac511a0c1dbbf71fe5495d3a9d2e3c81fd8a0f2698
06-回归日志/逐用例清单.md,16649,cec15855f3c17bc70423f4a0048fcd5b001a837c23c56f02fba5d0ac5fb3c981
07-环境与版本指纹/npm-packages.txt,56,b7e9ec8088a47abb98179d26ec203a479ec1ca1423b4553fc6d08d34a31e5591
07-环境与版本指纹/ollama-models.json,186,4f746b5dde3799f00166eb8d2d7ca6c3cf628a4ded2b938f71686a9e2678b3a4
07-环境与版本指纹/python-packages.txt,1010,61d16d8a3f883349e8777fa478ba3f387a10e1ab42c5120ee283c2cd61c6dce1
07-环境与版本指纹/代码指纹-sha256.csv,2088,d205896657d1baa988bed22405b1d188b24cab2e1b07cbd44cf66c605af3438e
07-环境与版本指纹/环境与版本指纹.md,2861,8ef54b0963ed26e8c58b2e2f406870af0f128a24dcf66270923f12bf542539bd
08-数据库快照/run-416b0efc-node_attempts.csv,55981,184e11ad872c5c15d8ce014a1ac8e7703543b930ba5394aba2330ff18afd942b
08-数据库快照/run-416b0efc-node_attempts.json,204103,2906c2865516c6d6ffaa748909ffba1a22ffacc245314f7e8fba5135ae752ff0
08-数据库快照/run-416b0efc-outbox-events.json,49503,caeb641f5a8dcd3e7d025f7025173a38e87cf3c8fdc55e86b715d46e7f76ed8e
08-数据库快照/run-416b0efc-policy-decisions.json,2,4f53cda18c2baa0c0354bb5f9a3ecbe5ed12ab4d8e11ba873c2f11161202b945
08-数据库快照/run-416b0efc-tool_calls.json,2,4f53cda18c2baa0c0354bb5f9a3ecbe5ed12ab4d8e11ba873c2f11161202b945
09-历史运行摘要/回归-01-修复前基线-1165passed-1failed.txt,2953,c15e83762f28565909a1c92ba390cd4e7440f9ce1f362e92c64f386278d2e75a
09-历史运行摘要/回归-02-策略隔离后-1212passed-3failed.txt,3569,01a28dae9b945710740f25f4ab0e72ed92618c34c06fa7dc6aa0d833b97d8b3d
09-历史运行摘要/回归-03-对称复位后-1213passed-2failed.txt,1966,ce6d06cf52dd1101038fc004d43faea36f8b17fc35ee73e7c14e5686ba196a14
09-历史运行摘要/回归-04-分页修复后-1214passed-1failed.txt,1823,6ca6815b2bd45c652b9fc716ee1258e947b3823c606d58eec200040f1e676c0e
09-历史运行摘要/回归-05-全绿-1215passed-0failed.txt,1600,8d5c3179365e5a6095b47d61cf58ed1ca74c1d28e93531634bc1288075d70060
10-驱动脚本/_ai_compose_demo.py,43567,a02f834c70d192bf9b0227f221ea684d743f56c6bfdbf0f49fdb3efb1a660ac4
10-驱动脚本/_audit_plugin_specs.py,33522,ab70240525789416ecaefcec5b02e2dbe597e404f4de62991cebdc11e28875a4
10-驱动脚本/_drive_audit_chain.py,7404,84acd405e15962f2e580a697d07195cfd921b41590ffe1814613f2fe88620311
10-驱动脚本/_drive_audit_foundation.py,4706,57f8ba37e19d1e4ae3ed0d5963f966a45cb36b70dc801177bdc7d37590d02261
10-驱动脚本/_drive_flow_run.py,2971,df6c291c838a1196bcd841eb6a730bf8d954a6f9196ac5d53cbc2ff5de580a88
10-驱动脚本/_e2e_canvas_demo.py,5469,cfff61adc96a05c3eaa0811cd9830f14f4b366bcf9f0dba39c08e7b8765b9b15
10-驱动脚本/_gen_audit_plugins.py,15911,81a9299e41044a933cc9f6ce81321bb8c4fe64d48e16d68c1ea1d2730ba36eac
10-驱动脚本/_gen_audit_sim_data.py,8429,10ea29adcc8e34799fceac58bec9b145cc107d95a4f85907d75b56d2087796f6
10-驱动脚本/提取-最终结果.py,3908,acb580ee1a855bdcb85322c244b4b58c0080f04f66543d4b3ea85b757ea75cac
10-驱动脚本/渲染-全流程时序日志.py,9730,6251d79720b3e86f8d3964e18d55704f695938a59080692e78bd0d38d360d683
10-驱动脚本/运行-全流程捕获.py,2254,98058d76116a4bd751d1c5ab9a0549415fa96c1d091a3f0a5ef1001bbdba7155
10-驱动脚本/采集-环境与版本指纹.py,6549,e9d71dfc26f5b81e2585db99c2df96c08195fc94cb6f8f5a544466bb83b29c3f
11-已有100节点运行-原始产物/chains/plan-ai-fund-fraud-100/advice-match-001/output-advice-set-2600eccfbc97b6dc.json,1606,2600eccfbc97b6dc67c4d5fb2aefb3cd52dccbc824c421fccc7119171dacc9d0
11-已有100节点运行-原始产物/chains/plan-ai-fund-fraud-100/annual-plan-build-001/output-annual-plan-be9f709ceabef85f.json,379,be9f709ceabef85f4a494e98ee90e6735bc2553d55968344e67fd9e93cbd095f
11-已有100节点运行-原始产物/chains/plan-ai-fund-fraud-100/annual-propose-001/output-proposal-set-b3680e513232c205.json,600,b3680e513232c205dd657a21ed8b6c711a687229b528214fb2599d61fcca21e7
11-已有100节点运行-原始产物/chains/plan-ai-fund-fraud-100/asset-check-001/output-asset-result-85d408a9a9382187.json,473,85d408a9a938218779381555120a55cd1dbffbff34334e93acbe73328f522035
11-已有100节点运行-原始产物/chains/plan-ai-fund-fraud-100/audit-log-001/output-audit-log-set-3782d9454d927376.json,735,3782d9454d92737636a34d7452e28b1931b5aecab2648879afb7c2fb3bcafede
11-已有100节点运行-原始产物/chains/plan-ai-fund-fraud-100/auditee-feedback-001/output-feedback-set-777a5238a1c9c178.json,6209,777a5238a1c9c178c72398b802f84ce699b632f995c2c12514a8fa8ec6ae9b32
11-已有100节点运行-原始产物/chains/plan-ai-fund-fraud-100/biz-standardize-001/output-standard-biz-set-f2153b6f959f08bc.json,435,f2153b6f959f08bc086f66e6914a74dcfcba55f392d7159b379004dfa3e71bb2
11-已有100节点运行-原始产物/chains/plan-ai-fund-fraud-100/case-library-update-001/output-case-entry-4ae44708bdfbb304.json,514,4ae44708bdfbb304b12275906d41e1d30cf696327054f2fc1ec742971c009ffe
11-已有100节点运行-原始产物/chains/plan-ai-fund-fraud-100/confirm-letter-001/output-confirm-result-74b01a21a00e76fb.json,726,74b01a21a00e76fbbda1ff9896af177afe1e34c6fee4bece4da088c27000bd33
11-已有100节点运行-原始产物/chains/plan-ai-fund-fraud-100/cross-dept-inquiry-001/output-inquiry-result-0a29a2f8d5780b8f.json,1000,0a29a2f8d5780b8fe2364faff217ddc862b3d42c73470cc88287148a3e3ca622
11-已有100节点运行-原始产物/chains/plan-ai-fund-fraud-100/data-encrypt-001/output-encrypted-ref-3a94d360529aee69.json,319,3a94d360529aee69ce60999623eb01e2cd52a54c511224be7b0913bef47eb684
11-已有100节点运行-原始产物/chains/plan-ai-fund-fraud-100/data-mask-001/output-masked-set-3138c3199209e59f.json,301,3138c3199209e59f983e32f14a321890cc5168e530655c60bcee107747bc3f51
11-已有100节点运行-原始产物/chains/plan-ai-fund-fraud-100/demand-collect-001/output-demand-set-87b4c984596d7ef7.json,780,87b4c984596d7ef759e8852cb5901b6217aa69a9c5bbd780385ea6b289f98d6f
11-已有100节点运行-原始产物/chains/plan-ai-fund-fraud-100/e-signature-001/output-signed-workpaper-6a7b072f2d5bad1d.json,3241,6a7b072f2d5bad1d5acd37cbb1b859bd6a6dd4ab752f1ea5a9af0e612dd1068a
11-已有100节点运行-原始产物/chains/plan-ai-fund-fraud-100/effect-evaluate-001/output-effect-report-aba12271a9a7ad01.json,286,aba12271a9a7ad01d6793457076681432a42e3fd4bf73464b0d12ab1d69f9823
11-已有100节点运行-原始产物/chains/plan-ai-fund-fraud-100/effort-budget-001/output-effort-budget-136ffa919e8373c3.json,237,136ffa919e8373c387111a8f0e944b0211011d86cf9c5ef30c41778cff7eeb38
11-已有100节点运行-原始产物/chains/plan-ai-fund-fraud-100/evidence-archive-001/output-archived-evidence-1f7a495f699421ca.json,488,1f7a495f699421ca0bbf19aef5303d67a162cd569e297eb4fe4724e3a5c407c5
11-已有100节点运行-原始产物/chains/plan-ai-fund-fraud-100/evidence-index-link-001/output-evidence-index-3b4b61ee61a390e7.json,8033,3b4b61ee61a390e76d163dbc374bb7d98a9ea9cde3f6247f652eaf2bb9e33567
11-已有100节点运行-原始产物/chains/plan-ai-fund-fraud-100/evidence-photo-001/output-photo-evidence-bc6f2128a9396f21.json,847,bc6f2128a9396f2153c137516087016bc38750c261e717b4fa0d899b1b063cf2
11-已有100节点运行-原始产物/chains/plan-ai-fund-fraud-100/evidence-verify-001/output-evidence-verdict-7052ead207c76540.json,624,7052ead207c765407ae7fdb6b8083cd1dc4d5a03db7c89cf1826c5f27953374d
11-已有100节点运行-原始产物/chains/plan-ai-fund-fraud-100/extension-approve-001/output-extension-decision-53baf051c743b358.json,642,53baf051c743b3580c05a9d1d4b00a45f0a92692562c19d2492d71ddfc348ed1
11-已有100节点运行-原始产物/chains/plan-ai-fund-fraud-100/finance-anomaly-alert-001/output-finance-anomaly-set-84f13a7697c37159.json,5037,84f13a7697c37159505746dcc1892a8f09f37d5cb93e7e00632b3e11164c297d
11-已有100节点运行-原始产物/chains/plan-ai-fund-fraud-100/finance-clean-001/output-clean-finance-set-e5b3c6fb99105af8.json,17620,e5b3c6fb99105af8c306ce9231530948faf0864c266e5470b514e042f10e0108
11-已有100节点运行-原始产物/chains/plan-ai-fund-fraud-100/fraud-risk-match-001/output-fraud-risk-set-6b8f099b114bde5f.json,383,6b8f099b114bde5f9645a106b193238951e6cf7845a3705d6d9e44f1f9a09d6b
11-已有100节点运行-原始产物/chains/plan-ai-fund-fraud-100/fulltext-search-001/output-search-hits-9a17644cc7996e76.json,180,9a17644cc7996e76046bf2261bfe6cbd108a0a0b82b2c214855530ad5e5651f9
11-已有100节点运行-原始产物/chains/plan-ai-fund-fraud-100/high-risk-area-locate-001/output-high-risk-area-b9351b02e6733282.json,2032,b9351b02e6733282936924b60dbae4f8d03f05b9be1065a5eabec53be5fa89d5
11-已有100节点运行-原始产物/chains/plan-ai-fund-fraud-100/industry-risk-benchmark-001/output-industry-risk-set-07359379172e2546.json,515,07359379172e2546b880488c3197571b359e1c65fc7d3a930924bbb80b32fc32
11-已有100节点运行-原始产物/chains/plan-ai-fund-fraud-100/internal-control-risk-map-001/output-ic-risk-set-a0c6a8727d6cfd3f.json,549,a0c6a8727d6cfd3f484950ff6e9fbbac806ca9ef4c011f6c4d158620742308f1
11-已有100节点运行-原始产物/chains/plan-ai-fund-fraud-100/interview-record-001/output-interview-note-28633ea0c0e2693f.json,575,28633ea0c0e2693ffc3a957f391530caeb916d3a377007597bb7ab8cca4f7021
11-已有100节点运行-原始产物/chains/plan-ai-fund-fraud-100/inventory-count-001/output-inventory-result-2bbfbe552f689333.json,437,2bbfbe552f68933322f732f677143a68fa1e5d30b80c19278d5bc0be03c487a9
11-已有100节点运行-原始产物/chains/plan-ai-fund-fraud-100/issue-amount-compute-001/output-issue-amount-28d30253ca3801e5.json,4256,28d30253ca3801e5a4ecc4366d49dae9d78ae0e6f8cf2f1145813d91c21a82ac
11-已有100节点运行-原始产物/chains/plan-ai-fund-fraud-100/issue-desc-write-001/output-issue-desc-d86cd007e3b98c1a.json,3728,d86cd007e3b98c1a759f24d3dcba97aae2b9f5e04f6fae84ac675abee47d2d70
11-已有100节点运行-原始产物/chains/plan-ai-fund-fraud-100/issue-final-review-001/output-final-issue-set-18ba3e9be89cdcc4.json,6527,18ba3e9be89cdcc41359b8476219dd284f20f5229d60284bef4c7168d4b3de2d
11-已有100节点运行-原始产物/chains/plan-ai-fund-fraud-100/issue-grade-001/output-graded-issue-c9aa2c2ccbd6336a.json,4899,c9aa2c2ccbd6336ac49a0b6ebbf736b24f43dfea1a538970f0c06984a9e90c43
11-已有100节点运行-原始产物/chains/plan-ai-fund-fraud-100/issue-trend-analysis-001/output-trend-report-a4b9b1d8ef3881bd.json,400,a4b9b1d8ef3881bdb60da390ed024a205dbb962c9886b2db5603bf9349fee556
11-已有100节点运行-原始产物/chains/plan-ai-fund-fraud-100/issue-type-judge-001/output-issue-type-set-248791398809fa12.json,3522,248791398809fa1291f5c4be62cbb77b308dd9f4bbe2947fd6745e4e2bf6fa9c
11-已有100节点运行-原始产物/chains/plan-ai-fund-fraud-100/lineage-track-001/output-lineage-graph-9a5ef2d54c6da9b6.json,183,9a5ef2d54c6da9b6fdd3e73d66aeb88586423efbdaa538122ac0d64d310f17d1
11-已有100节点运行-原始产物/chains/plan-ai-fund-fraud-100/macro-policy-risk-scan-001/output-policy-risk-set-4ce68612d0b0f716.json,336,4ce68612d0b0f716a084d20260bc06e4fbac7acf367a44dcfdc2d93295b94925
11-已有100节点运行-原始产物/chains/plan-ai-fund-fraud-100/master-mapping-001/output-master-map-43f60b93f77109c5.json,401,43f60b93f77109c521894dc0171913ac0c08f2fbafeb8b810c5d9a3fba48f6fb
11-已有100节点运行-原始产物/chains/plan-ai-fund-fraud-100/material-precheck-001/output-precheck-report-41d939957ba8535e.json,638,41d939957ba8535e55885098fbba096222c3a5692fd421edf7a5369dafddcdc3
11-已有100节点运行-原始产物/chains/plan-ai-fund-fraud-100/material-submit-001/output-submitted-material-5816644b40dbae6a.json,751,5816644b40dbae6a921da18f50c22f432d29a1da3efce4a93cc9434a20430756
11-已有100节点运行-原始产物/chains/plan-ai-fund-fraud-100/meeting-minutes-001/output-meeting-minutes-6a077aae3a5e7068.json,529,6a077aae3a5e7068b53125bf0f516d38d0a6125fabdbd492c1e9c31ec653e870
11-已有100节点运行-原始产物/chains/plan-ai-fund-fraud-100/metadata-manage-001/output-metadata-dict-e84b78568f4af2d8.json,400,e84b78568f4af2d84420d73b75af840425c460673e2db2858664d4d486fbb7f1
11-已有100节点运行-原始产物/chains/plan-ai-fund-fraud-100/method-distill-001/output-method-library-e366e286398c49ba.json,375,e366e286398c49baebb7c6ecc32310775552a3c829fd79ac034c7ef2b07aed6c
11-已有100节点运行-原始产物/chains/plan-ai-fund-fraud-100/metric-compute-001/output-metric-output-84718407737a35f9.json,1171,84718407737a35f99b2468febdda5a3bb74d325ab8021b5145b5cbce1a715672
11-已有100节点运行-原始产物/chains/plan-ai-fund-fraud-100/multi-source-collect-001/output-audit-source-set-e940ce3dca462912.json,325,e940ce3dca4629123cfa6604ce453a93dff05f4053651bc852b012e7b492c2a2
11-已有100节点运行-原始产物/chains/plan-ai-fund-fraud-100/nlp-process-001/output-nlp-output-4a79089376f87f14.json,524,4a79089376f87f14b94d35f0a9847a27523f26546d553f71e57393c1ebd806fb
11-已有100节点运行-原始产物/chains/plan-ai-fund-fraud-100/notice-generate-001/output-audit-notice-012e4e30bfb32e90.json,366,012e4e30bfb32e9037f4eecf39d93628736148d8cc3e129ed55a4c7d881de19c
11-已有100节点运行-原始产物/chains/plan-ai-fund-fraud-100/notice-mask-publish-001/output-published-notice-097547cd61dcc1dd.json,404,097547cd61dcc1dd1f904b38e812f4e542fb55428ce48bfb30bbd6d7bb304599
11-已有100节点运行-原始产物/chains/plan-ai-fund-fraud-100/ocr-extract-001/output-ocr-text-84a4303f68d434d9.json,363,84a4303f68d434d9f4711bc8cc8276953eb6cf183bd2d6fde73ef0ef355b036e
11-已有100节点运行-原始产物/chains/plan-ai-fund-fraud-100/permission-control-001/output-access-decision-7cfe561bf7550768.json,416,7cfe561bf7550768314f1f54ed6b78a709601ad2ab74b52342e6581d913106ce
11-已有100节点运行-原始产物/chains/plan-ai-fund-fraud-100/plan-version-control-001/output-plan-version-3d268db6109b8da6.json,619,3d268db6109b8da6795048d232a0dc65bf2fafc3198e8ec0882bf28bd061d354
11-已有100节点运行-原始产物/chains/plan-ai-fund-fraud-100/priority-rank-001/output-priority-order-70f2f100f217c324.json,281,70f2f100f217c32495679bcb2bf3b477205a859616bf8a1d53ea7c5aa1ca1bcc
11-已有100节点运行-原始产物/chains/plan-ai-fund-fraud-100/process-gap-detect-001/output-process-gap-set-c642a31c39500951.json,336,c642a31c39500951ffd3d25bc400b4f924d52a1e3660f77d35e18021f644b392
11-已有100节点运行-原始产物/chains/plan-ai-fund-fraud-100/program-template-match-001/output-program-template-897a7b5697044b63.json,2871,897a7b5697044b63dff422f5b996d8547e4b0f925b9d77cf6883cab25e0fefcb
11-已有100节点运行-原始产物/chains/plan-ai-fund-fraud-100/progress-report-001/output-progress-daily-0d617d5f4cfa6210.json,227,0d617d5f4cfa6210f882080744efafb8b80a1423cbc425aafc564d8966f8c841
11-已有100节点运行-原始产物/chains/plan-ai-fund-fraud-100/project-library-001/output-project-snapshot-74403cf3b347369d.json,465,74403cf3b347369dbdaefdb8da95b1d1eea76796a5c4c14b726bcadfc1de3bfe
11-已有100节点运行-原始产物/chains/plan-ai-fund-fraud-100/project-quality-score-001/output-quality-score-87a53604217d6a77.json,287,87a53604217d6a772bac7cd3d486fecd9144c3bb4d65c5c90aa19ce1c4726128
11-已有100节点运行-原始产物/chains/plan-ai-fund-fraud-100/project-scheme-build-001/output-project-scheme-f2ae1463aaaeb0e0.json,1660,f2ae1463aaaeb0e0c68a641388960c4676b7b70d36d9e183c6b2d91cec32e60b
11-已有100节点运行-原始产物/chains/plan-ai-fund-fraud-100/proposal-score-001/output-scored-proposal-b8e66b9a2197141e.json,282,b8e66b9a2197141e97fd0e28e0b83673baf8d1210d4aa4364c194c2fba02c623
11-已有100节点运行-原始产物/chains/plan-ai-fund-fraud-100/quality-check-001/output-quality-report-4bdfe153cbde541a.json,1141,4bdfe153cbde541a50daa10de4ba46dae9a70ef72ae9da25cf2b8219ee750e36
11-已有100节点运行-原始产物/chains/plan-ai-fund-fraud-100/remedy-close-001/output-remedy-ledger-b46e5f7ddc3d674f.json,252,b46e5f7ddc3d674f66e44c1e04a08463013a104bf8205b6a3c8b957aa1121ce7
11-已有100节点运行-原始产物/chains/plan-ai-fund-fraud-100/remedy-dispatch-001/output-remedy-task-25e15d9a2987aaa1.json,1703,25e15d9a2987aaa15e0e81cd7fb9a323794e522bd3f1ddf4c4f832f2718ca514
11-已有100节点运行-原始产物/chains/plan-ai-fund-fraud-100/remedy-effect-verify-001/output-remedy-verdict-45dfc352ebb4ea54.json,354,45dfc352ebb4ea5450e22b460914b5feb370fa4afcabb8e71d16bdb3ce6ecb18
11-已有100节点运行-原始产物/chains/plan-ai-fund-fraud-100/remedy-overdue-alert-001/output-overdue-alert-8dad958720735a1c.json,304,8dad958720735a1c1834eea8310c5632568844ef9bd83fb77667beb65530ab7c
11-已有100节点运行-原始产物/chains/plan-ai-fund-fraud-100/remedy-plan-review-001/output-remedy-plan-approved-15ac6ab30c033671.json,1892,15ac6ab30c033671eb9427c33725e0c1514ec0be6e8a97b7d0923a1e2e5ba7c2
11-已有100节点运行-原始产物/chains/plan-ai-fund-fraud-100/remedy-progress-track-001/output-remedy-progress-e314c81ecc201aeb.json,486,e314c81ecc201aeb4078fbb9d62f5e98ed2ea01709fbe21a705a41856fb9135f
11-已有100节点运行-原始产物/chains/plan-ai-fund-fraud-100/remedy-publish-001/output-published-remedy-3c5b826eb38b0199.json,331,3c5b826eb38b0199d6d717805064c6ea3d229a62a514060bc3d10af74cbadd89
11-已有100节点运行-原始产物/chains/plan-ai-fund-fraud-100/report-data-check-001/output-report-check-report-5608cb993fa82708.json,541,5608cb993fa827088ccc55fa713ff8c501b04f43912a2289b17c949671343e17
11-已有100节点运行-原始产物/chains/plan-ai-fund-fraud-100/report-frame-build-001/output-report-frame-547cca5d95ac3288.json,659,547cca5d95ac328866b954dae151d157c64670620027f3c7e149875f6694c3eb
11-已有100节点运行-原始产物/chains/plan-ai-fund-fraud-100/report-multi-review-001/output-report-approved-91f08b9750152bdf.json,278,91f08b9750152bdf4065122e735439ef45d17a0e9131428b207a99f3a1e492ce
11-已有100节点运行-原始产物/chains/plan-ai-fund-fraud-100/resource-conflict-detect-001/output-conflict-alert-44cc9887b84a6785.json,385,44cc9887b84a678505c76673a8e75545c14f6a137d6800a5502dc26fc5d3b025
11-已有100节点运行-原始产物/chains/plan-ai-fund-fraud-100/responsible-party-find-001/output-responsible-party-30f93d499da201cf.json,4948,30f93d499da201cffe71e6451e430b0acfd709e2be934c31af0f37f05ff10688
11-已有100节点运行-原始产物/chains/plan-ai-fund-fraud-100/result-distill-001/output-distilled-result-e4bf3ce4817ead89.json,469,e4bf3ce4817ead8916bc5f9874d7539b14de60154fd5e0da05a7e2921b563492
11-已有100节点运行-原始产物/chains/plan-ai-fund-fraud-100/risk-advice-generate-001/output-risk-advice-set-17bc556a3a9ba7e3.json,467,17bc556a3a9ba7e32e63993bb6b676e7469922e883a07cc1a1183be7ac77369d
11-已有100节点运行-原始产物/chains/plan-ai-fund-fraud-100/risk-heatmap-draw-001/output-risk-heatmap-9a36641a084ac5bd.json,555,9a36641a084ac5bdc309672a72f39278596f2ccb49615b60eab70dae853c6bcf
11-已有100节点运行-原始产物/chains/plan-ai-fund-fraud-100/risk-level-assign-001/output-risk-level-8fe43612aa1044c2.json,3759,8fe43612aa1044c2cf639053cdd5c4a2452504f04963cef5028233f7d3673b44
11-已有100节点运行-原始产物/chains/plan-ai-fund-fraud-100/risk-matrix-build-001/output-risk-matrix-f29681f458c8844c.json,8090,f29681f458c8844c1842deac162e0cc6c5ec67e8d5d40beacfde17a4c39f3028
11-已有100节点运行-原始产物/chains/plan-ai-fund-fraud-100/rule-engine-001/output-rule-evaluation-3b2456a4180bc79b.json,535,3b2456a4180bc79bfaeba0d75ce7e25ca29ef86b21841f4c53eb22c432b8f207
11-已有100节点运行-原始产物/chains/plan-ai-fund-fraud-100/rule-iteration-001/output-updated-rule-pack-63bcf54bda9da9a8.json,585,63bcf54bda9da9a8553fa2c626e432fe1e20cdaf4366715667efa6eadbba6088
11-已有100节点运行-原始产物/chains/plan-ai-fund-fraud-100/sample-size-compute-001/output-sample-size-6078e9cef44ea7f9.json,223,6078e9cef44ea7f9811916628a81b2aef969fa4789f6caf01a55d6cdd89e5b7a
11-已有100节点运行-原始产物/chains/plan-ai-fund-fraud-100/sampling-select-001/output-sampling-plan-7d654f273bbdd7a2.json,388,7d654f273bbdd7a2951b64a6663f99562967ce60401fb28377417abf982ef905
11-已有100节点运行-原始产物/chains/plan-ai-fund-fraud-100/site-checkin-track-001/output-checkin-log-accf2f740c9562fe.json,271,accf2f740c9562fe31257d33bfd25dfad8244ad695a803e34569f2dfb09c8a86
11-已有100节点运行-原始产物/chains/plan-ai-fund-fraud-100/staff-schedule-001/output-schedule-plan-94d3d490ca5b966e.json,1987,94d3d490ca5b966e0efe0100f82db64f10cff82fc17b2b2c41cb6119d587d415
11-已有100节点运行-原始产物/chains/plan-ai-fund-fraud-100/strategy-align-001/output-aligned-demand-efb7c446d566d88d.json,1040,efb7c446d566d88ddcfa73e041124624a7e802c91871eeac3246e680c13eaff4
11-已有100节点运行-原始产物/chains/plan-ai-fund-fraud-100/suspicion-flag-001/output-suspicion-set-263de00cc9690c06.json,697,263de00cc9690c065c19d2e319a3109cf6ce5bf552aec4b86a0b69e84f0cecdd
11-已有100节点运行-原始产物/chains/plan-ai-fund-fraud-100/suspicion-merge-001/output-merged-suspicion-3080a72ab8568f9f.json,3059,3080a72ab8568f9fdf81d796f96356aaa5f667e3c7d4232365c1265e805f2e69
11-已有100节点运行-原始产物/chains/plan-ai-fund-fraud-100/tag-manage-001/output-tag-tree-9f02df2e70e47e2c.json,473,9f02df2e70e47e2c3e353b24d86b4d71f0e07eed70107af09a4f1a68cd7d1d64
11-已有100节点运行-原始产物/chains/plan-ai-fund-fraud-100/team-forming-001/output-team-scheme-710f373f182754ee.json,965,710f373f182754eebcb955e2a453f1a778d7ece8f0b5f26b9dd67d0590b95b0d
11-已有100节点运行-原始产物/chains/plan-ai-fund-fraud-100/violation-clause-match-001/output-violation-clause-81889837d75fbc0d.json,4902,81889837d75fbc0d4f2f89193bb926fe2d5e35772bdc6ff63742479c71c151d4
11-已有100节点运行-原始产物/chains/plan-ai-fund-fraud-100/viz-analysis-001/output-viz-output-4d89d06e0b2563f1.json,356,4d89d06e0b2563f170b8433c1a8cfd79e65820126d0ec1490aca32cb33b638a7
11-已有100节点运行-原始产物/chains/plan-ai-fund-fraud-100/voucher-drilldown-001/output-voucher-chain-ad978af8cd1d64b9.json,10893,ad978af8cd1d64b9ae37391cbaecbb751d65ebb18f16f2706bb31d6e07d5424d
11-已有100节点运行-原始产物/chains/plan-ai-fund-fraud-100/workflow-engine-001/output-workflow-state-d010a13caebec7ce.json,238,d010a13caebec7ce0d4dec4376d1fa4587a9e3917a84a8d2eb8104345890bb5e
11-已有100节点运行-原始产物/chains/plan-ai-fund-fraud-100/workpaper-borrow-approve-001/output-borrow-status-c249e28684c276e6.json,518,c249e28684c276e6951b9deeab92fa216de2e0326dd89429d81f62b0dd6c3a43
11-已有100节点运行-原始产物/chains/plan-ai-fund-fraud-100/workpaper-build-001/output-workpaper-draft-dc62a146e069ca76.json,8775,dc62a146e069ca76793fb469fb7448f2412dc36a69885dcc2a878592df45a313
11-已有100节点运行-原始产物/chains/plan-ai-fund-fraud-100/workpaper-encrypt-store-001/output-encrypt-status-ed1f6e7a6617b363.json,3738,ed1f6e7a6617b363e168bc2c6bcce40d039f4ea0c38219984d5eba731630098c
11-已有100节点运行-原始产物/chains/plan-ai-fund-fraud-100/workpaper-reconcile-001/output-reconcile-report-9502e3fca3613bbd.json,213,9502e3fca3613bbdde3d7be9e1931840ea7a9529e59e7234aeadb71adec5e74c
11-已有100节点运行-原始产物/chains/plan-ai-fund-fraud-100/workpaper-review3-001/output-review-status-c9b852ea134e298c.json,4075,c9b852ea134e298c4acb309ec6f7eecfdf9cd244a4815b74b723690b57929ea2
11-已有100节点运行-原始产物/chains/plan-ai-fund-fraud-100/workpaper-template-update-001/output-template-update-set-72e8196978588f60.json,4210,72e8196978588f609276ba1981583c9f0b8d28110f887cff966731b084cc9c6c
11-已有100节点运行-原始产物/chains/plan-ai-fund-fraud-100/workpaper-version-diff-001/output-version-diff-report-d63294efb2dd69a2.json,4300,d63294efb2dd69a24f5872c2f495fcdbf793b9c3b6aa73cbdba920a351e063c9
11-已有100节点运行-原始产物/inputs/assets.json,202,4cbca1875e354c015527fd32a0a2a52ae33d474c929304bb51a15d484903806c
11-已有100节点运行-原始产物/inputs/borrow-request.json,250,e3aefa190f6655a03abc7ef70f3a456cdbbb5611b469c4a0e82566f7408bb2a8
11-已有100节点运行-原始产物/inputs/budget.json,178,138e9579a8f066eee94397ab7867cc0ce293e7d3c9c3d0520050c10b1a128fef
11-已有100节点运行-原始产物/inputs/checkins.json,350,e448659497161535bd726f2e63714123fbd24113131ebaabebd42436ea8ac6ec
11-已有100节点运行-原始产物/inputs/collect-req.json,37,776fb24e373b25049bc7e1a7e38da6ffc905dbe196780c952e33bf20a0207aa0
11-已有100节点运行-原始产物/inputs/confirmations.json,221,f53bf398a99255b910faf9a5c1e5f9c67062491223c64bae939dd7cfae264c52
11-已有100节点运行-原始产物/inputs/demands.json,455,97c6776be079fffb34a7b467a7842cd5cc80c981b27c2aac2c674d4f4f906a28
11-已有100节点运行-原始产物/inputs/encrypt-req.json,40,a7a439bf483f757ea1ef66b49ec32cba5db4cab99baf648881c92085098cc1c4
11-已有100节点运行-原始产物/inputs/extension.json,147,88b85d8cde51d1a508b836eda04cf27115c045852fae288740974271110237c4
11-已有100节点运行-原始产物/inputs/field.json,537,98f13e43f89680ed0babd87380765a0ff853fc5c9f2096c2ed6ef7f54062f5ec
11-已有100节点运行-原始产物/inputs/fraud-input.json,350,c845d0b37c61513d8a09927d0ffc7108af78b6f9a4534f7d6e4e93e4390bfc0c
11-已有100节点运行-原始产物/inputs/fraud-risk-set.json,485,6ba0039bdc9e1db9dec9b4b594692c98086148a775a88c903ca33bddc8127ba4
11-已有100节点运行-原始产物/inputs/high-risk.json,321,aaea32606352eb7b5e17ddb1bc07b7d485a74924add78ba1f2dc9fb9091827a2
11-已有100节点运行-原始产物/inputs/history-issues.json,352,e86d65284cd61ad17b112b6e5a0395865039f80a1867ccbc713d8ac38c2db88d
11-已有100节点运行-原始产物/inputs/ic-flow.json,351,cec32fcd320df85b39373e47c8971580f4880b5a44f7f39cafabd7fdf25b49b5
11-已有100节点运行-原始产物/inputs/ic-risk-set.json,473,2d466cbe09f04908801d745054ff6a62287e1e2ea8d915780985829851529941
11-已有100节点运行-原始产物/inputs/industry-benchmark.json,287,904a5e35dd97513e2afc200fca13934829cec635203322655225cd32e6628ede
11-已有100节点运行-原始产物/inputs/industry-risk-set.json,492,76d377bcabff75ecfb54603e81e9f43794f187c32088bbb62615a30bd18e4535
11-已有100节点运行-原始产物/inputs/inquiries.json,219,7021c66cb51bfd2bd34133003d7b4fdd4b60476f8ded799f1ad2036ca4e9b72c
11-已有100节点运行-原始产物/inputs/interviews.json,330,65c5f77b2362153d34794f56278b9bea9781fc179e50be91384ef66d088af529
11-已有100节点运行-原始产物/inputs/inventory.json,169,6673c26ac9b8db48f1c07172618b0531f4894b403924822ec795abed8daf0a72
11-已有100节点运行-原始产物/inputs/invoice-scan.txt,42,39116e923fa1ab516bd3f279826bda2f0a925ca995a59abbcebe5e031d717cc6
11-已有100节点运行-原始产物/inputs/ledger.csv,5280,79a9c4f07b4e5ec3dbf88c17cc3d5ca338244d025ac9411be6e1a2f5cb46f3bf
11-已有100节点运行-原始产物/inputs/lineage-q.json,92,f55fb7cabb97f672ac3667c8c8d584ac4c144981cb7f4a552307b129e2eabef8
11-已有100节点运行-原始产物/inputs/lineage.json,493,0fadb06d74e6e881267c1a30be277f050b5fddcb8ba609e47895c3f7527699f6
11-已有100节点运行-原始产物/inputs/log-events.json,306,eb94d733e7485dfe3d4fb5ad0159ed1b093cf404e1e2cecf2c13810cfa8756d5
11-已有100节点运行-原始产物/inputs/mask-req.json,71,a5c1beafe92f6644ba57214bd6f2e89b04da7f0dab2d7490627bef9630d2eeb4
11-已有100节点运行-原始产物/inputs/master-src.json,60,02c22c2c5b61024c1e83df49d08c6b212c94272ec2970f09014cd3575fcf6f3f
11-已有100节点运行-原始产物/inputs/master.json,559,a330fe5e662c168d99b8504d72651d59bacf90f3bbd73bd123e0d537743f0dac
11-已有100节点运行-原始产物/inputs/meeting.json,251,13122ecb5f49331453f2ee038b396969f4beed07e1713c990f2dc4fda4fe26f2
11-已有100节点运行-原始产物/inputs/meta-q.json,57,4e2057cee9dbc091ad18523b0b178b0fcd8ac5ad475d191b229ec91f9ab0b9b2
11-已有100节点运行-原始产物/inputs/metric-ledger.csv,5280,79a9c4f07b4e5ec3dbf88c17cc3d5ca338244d025ac9411be6e1a2f5cb46f3bf
11-已有100节点运行-原始产物/inputs/nlp.json,152,870e4d26ab83ef4951e9e43a57891335524ac95191bf8307ba86631831227133
11-已有100节点运行-原始产物/inputs/perm-req.json,37,c3ba0630ef63fab294e9beea3754319a1b7648ef230cd0d49e9a553fe2835113
11-已有100节点运行-原始产物/inputs/photos.json,437,a7720a2c3f2d09cb05929ce4105268f2775d87f9a05d0861396b2028ad5ade6f
11-已有100节点运行-原始产物/inputs/plan-changes.json,196,dab71ea879f76998b31a273331dad2bd46bc29bc1d4fc84b53de57678a72896c
11-已有100节点运行-原始产物/inputs/policy-input.json,313,789bd55c3c60e47ea3698bfcf963b3f6a85425e01585bd46300071a7cdd090e2
11-已有100节点运行-原始产物/inputs/policy-risk-set.json,487,73bbfe30e91629606230056eda73532522995b29deff3559a18c61f3f4e53a0c
11-已有100节点运行-原始产物/inputs/population.json,187,ed3d7f62dd799c498a42b74faf73fc644397148599b7e37de4fc1f968250d1fc
11-已有100节点运行-原始产物/inputs/process-gap-set.json,486,e515231406e5cc504e511d3093fd3100e1f64e7c4e5dcc632dbe8b96b0fae965
11-已有100节点运行-原始产物/inputs/process-input.json,272,25e7853bb94114a1e86d0ca14c8e5f25e9ad85deee08479955c6aff77a6ab601
11-已有100节点运行-原始产物/inputs/program-template.json,257,271a0b8bf60987def7ba7483e442bb4e3b6de788a6baa714e538aed5305d7ba3
11-已有100节点运行-原始产物/inputs/project-flow.json,389,b125a321c0f122deb8d01ae7e536078be39c3b94ba8e19b4dda50d67a20d5c29
11-已有100节点运行-原始产物/inputs/quality-ledger.csv,5280,79a9c4f07b4e5ec3dbf88c17cc3d5ca338244d025ac9411be6e1a2f5cb46f3bf
11-已有100节点运行-原始产物/inputs/raw-biz.json,108,416e9455ded7464741b941e87435507b1f125f811db067aaa7a0a259dd1cb7f0
11-已有100节点运行-原始产物/inputs/remedy-evidence.json,347,1de29a2682ad6a8ce767272b53451e90ae781ab1141e534227f67ff6b9a340f5
11-已有100节点运行-原始产物/inputs/remedy.json,631,d076c88353ea160ea4df1858447908127fb0dc0086148c2f57516b8a1fb1130d
11-已有100节点运行-原始产物/inputs/review-notes.json,174,2e9141d5d3a395a572422fe69bd0f2e3d00d2b1bc013dc98fccfdd537ad20252
11-已有100节点运行-原始产物/inputs/risk-advice.json,238,b37597ec149fa0b2c93fbe928ec57167120a74417cf3cc2408b3f9ccf9c2b0a1
11-已有100节点运行-原始产物/inputs/rules.json,4943,7c3236ce3875131f82d39a90548698faa5926aad0449d9249c1b6f48ae3edc55
11-已有100节点运行-原始产物/inputs/sample-size.json,213,b7c97348bcea1aeb25ca1124213539fecfb1cf1814d019c4445becf73d97e3ab
11-已有100节点运行-原始产物/inputs/search-q.json,132,a0a9dd14665f72d818a35ae73eb7d286b8625038cac6969520ab61b7850a2bc2
11-已有100节点运行-原始产物/inputs/submitted-units.json,323,396b164e6a70aff68ba993ea24c98a16e10503f5b8bf928864dd2858c6785b94
11-已有100节点运行-原始产物/inputs/tag-query.json,251,2dd8c29d814582373412ef3a7b0864b638a2c26154448d1308403ad38015e357
11-已有100节点运行-原始产物/inputs/viz-in.json,61,892898d7f2c4758d8b022804ae6a5a590e6989e97920382a2d054224bca1937c
11-已有100节点运行-原始产物/inputs/wf-req.json,90,6376ec2d2145943a1299309792de9c317b322f9a6ee6b83be5278923ea97cefe
12-本次运行产物/chains/plan-ai-fund-fraud-100/advice-match-001/output-advice-set-2600eccfbc97b6dc.json,1606,2600eccfbc97b6dc67c4d5fb2aefb3cd52dccbc824c421fccc7119171dacc9d0
12-本次运行产物/chains/plan-ai-fund-fraud-100/annual-plan-build-001/output-annual-plan-be9f709ceabef85f.json,379,be9f709ceabef85f4a494e98ee90e6735bc2553d55968344e67fd9e93cbd095f
12-本次运行产物/chains/plan-ai-fund-fraud-100/annual-propose-001/output-proposal-set-b3680e513232c205.json,600,b3680e513232c205dd657a21ed8b6c711a687229b528214fb2599d61fcca21e7
12-本次运行产物/chains/plan-ai-fund-fraud-100/asset-check-001/output-asset-result-85d408a9a9382187.json,473,85d408a9a938218779381555120a55cd1dbffbff34334e93acbe73328f522035
12-本次运行产物/chains/plan-ai-fund-fraud-100/audit-log-001/output-audit-log-set-3782d9454d927376.json,735,3782d9454d92737636a34d7452e28b1931b5aecab2648879afb7c2fb3bcafede
12-本次运行产物/chains/plan-ai-fund-fraud-100/auditee-feedback-001/output-feedback-set-f3513adc0d9e40b6.json,6209,f3513adc0d9e40b62d309f7205a1a327d6865432bf8853b7adaa3696d9f5cb74
12-本次运行产物/chains/plan-ai-fund-fraud-100/biz-standardize-001/output-standard-biz-set-f2153b6f959f08bc.json,435,f2153b6f959f08bc086f66e6914a74dcfcba55f392d7159b379004dfa3e71bb2
12-本次运行产物/chains/plan-ai-fund-fraud-100/case-library-update-001/output-case-entry-4ae44708bdfbb304.json,514,4ae44708bdfbb304b12275906d41e1d30cf696327054f2fc1ec742971c009ffe
12-本次运行产物/chains/plan-ai-fund-fraud-100/confirm-letter-001/output-confirm-result-74b01a21a00e76fb.json,726,74b01a21a00e76fbbda1ff9896af177afe1e34c6fee4bece4da088c27000bd33
12-本次运行产物/chains/plan-ai-fund-fraud-100/cross-dept-inquiry-001/output-inquiry-result-0a29a2f8d5780b8f.json,1000,0a29a2f8d5780b8fe2364faff217ddc862b3d42c73470cc88287148a3e3ca622
12-本次运行产物/chains/plan-ai-fund-fraud-100/data-encrypt-001/output-encrypted-ref-12cbf0e6bc264459.json,424,12cbf0e6bc2644590eea5ce076fdc73097a1de12cb6561672c8af61ca8922ecd
12-本次运行产物/chains/plan-ai-fund-fraud-100/data-mask-001/output-masked-set-aa8917756b91f1ae.json,406,aa8917756b91f1ae01dc680486bcdd6306389d5642dd4279b0bc6d3f195bb5a1
12-本次运行产物/chains/plan-ai-fund-fraud-100/demand-collect-001/output-demand-set-87b4c984596d7ef7.json,780,87b4c984596d7ef759e8852cb5901b6217aa69a9c5bbd780385ea6b289f98d6f
12-本次运行产物/chains/plan-ai-fund-fraud-100/e-signature-001/output-signed-workpaper-6a7b072f2d5bad1d.json,3241,6a7b072f2d5bad1d5acd37cbb1b859bd6a6dd4ab752f1ea5a9af0e612dd1068a
12-本次运行产物/chains/plan-ai-fund-fraud-100/effect-evaluate-001/output-effect-report-aba12271a9a7ad01.json,286,aba12271a9a7ad01d6793457076681432a42e3fd4bf73464b0d12ab1d69f9823
12-本次运行产物/chains/plan-ai-fund-fraud-100/effort-budget-001/output-effort-budget-136ffa919e8373c3.json,237,136ffa919e8373c387111a8f0e944b0211011d86cf9c5ef30c41778cff7eeb38
12-本次运行产物/chains/plan-ai-fund-fraud-100/evidence-archive-001/output-archived-evidence-1f7a495f699421ca.json,488,1f7a495f699421ca0bbf19aef5303d67a162cd569e297eb4fe4724e3a5c407c5
12-本次运行产物/chains/plan-ai-fund-fraud-100/evidence-index-link-001/output-evidence-index-4a4c4f9ccb66bb86.json,8138,4a4c4f9ccb66bb8683ecaa0a751d55624408113cb2c399812002e6b5eb5ca81d
12-本次运行产物/chains/plan-ai-fund-fraud-100/evidence-photo-001/output-photo-evidence-61d7f105cbd77a80.json,952,61d7f105cbd77a8050933ea56e60720c690c6324e821c60e223bd41d3f11a73f
12-本次运行产物/chains/plan-ai-fund-fraud-100/evidence-verify-001/output-evidence-verdict-7052ead207c76540.json,624,7052ead207c765407ae7fdb6b8083cd1dc4d5a03db7c89cf1826c5f27953374d
12-本次运行产物/chains/plan-ai-fund-fraud-100/extension-approve-001/output-extension-decision-53baf051c743b358.json,642,53baf051c743b3580c05a9d1d4b00a45f0a92692562c19d2492d71ddfc348ed1
12-本次运行产物/chains/plan-ai-fund-fraud-100/finance-anomaly-alert-001/output-finance-anomaly-set-84f13a7697c37159.json,5037,84f13a7697c37159505746dcc1892a8f09f37d5cb93e7e00632b3e11164c297d
12-本次运行产物/chains/plan-ai-fund-fraud-100/finance-clean-001/output-clean-finance-set-e5b3c6fb99105af8.json,17620,e5b3c6fb99105af8c306ce9231530948faf0864c266e5470b514e042f10e0108
12-本次运行产物/chains/plan-ai-fund-fraud-100/fraud-risk-match-001/output-fraud-risk-set-6b8f099b114bde5f.json,383,6b8f099b114bde5f9645a106b193238951e6cf7845a3705d6d9e44f1f9a09d6b
12-本次运行产物/chains/plan-ai-fund-fraud-100/fulltext-search-001/output-search-hits-9a17644cc7996e76.json,180,9a17644cc7996e76046bf2261bfe6cbd108a0a0b82b2c214855530ad5e5651f9
12-本次运行产物/chains/plan-ai-fund-fraud-100/high-risk-area-locate-001/output-high-risk-area-b9351b02e6733282.json,2032,b9351b02e6733282936924b60dbae4f8d03f05b9be1065a5eabec53be5fa89d5
12-本次运行产物/chains/plan-ai-fund-fraud-100/industry-risk-benchmark-001/output-industry-risk-set-07359379172e2546.json,515,07359379172e2546b880488c3197571b359e1c65fc7d3a930924bbb80b32fc32
12-本次运行产物/chains/plan-ai-fund-fraud-100/internal-control-risk-map-001/output-ic-risk-set-a0c6a8727d6cfd3f.json,549,a0c6a8727d6cfd3f484950ff6e9fbbac806ca9ef4c011f6c4d158620742308f1
12-本次运行产物/chains/plan-ai-fund-fraud-100/interview-record-001/output-interview-note-28633ea0c0e2693f.json,575,28633ea0c0e2693ffc3a957f391530caeb916d3a377007597bb7ab8cca4f7021
12-本次运行产物/chains/plan-ai-fund-fraud-100/inventory-count-001/output-inventory-result-2bbfbe552f689333.json,437,2bbfbe552f68933322f732f677143a68fa1e5d30b80c19278d5bc0be03c487a9
12-本次运行产物/chains/plan-ai-fund-fraud-100/issue-amount-compute-001/output-issue-amount-28d30253ca3801e5.json,4256,28d30253ca3801e5a4ecc4366d49dae9d78ae0e6f8cf2f1145813d91c21a82ac
12-本次运行产物/chains/plan-ai-fund-fraud-100/issue-desc-write-001/output-issue-desc-d86cd007e3b98c1a.json,3728,d86cd007e3b98c1a759f24d3dcba97aae2b9f5e04f6fae84ac675abee47d2d70
12-本次运行产物/chains/plan-ai-fund-fraud-100/issue-final-review-001/output-final-issue-set-b45aa48f88c5d053.json,6527,b45aa48f88c5d053275616fc16b54cff9b8d4c17b2955b9ad441ce5a8a5e3507
12-本次运行产物/chains/plan-ai-fund-fraud-100/issue-grade-001/output-graded-issue-c9aa2c2ccbd6336a.json,4899,c9aa2c2ccbd6336ac49a0b6ebbf736b24f43dfea1a538970f0c06984a9e90c43
12-本次运行产物/chains/plan-ai-fund-fraud-100/issue-trend-analysis-001/output-trend-report-a4b9b1d8ef3881bd.json,400,a4b9b1d8ef3881bdb60da390ed024a205dbb962c9886b2db5603bf9349fee556
12-本次运行产物/chains/plan-ai-fund-fraud-100/issue-type-judge-001/output-issue-type-set-248791398809fa12.json,3522,248791398809fa1291f5c4be62cbb77b308dd9f4bbe2947fd6745e4e2bf6fa9c
12-本次运行产物/chains/plan-ai-fund-fraud-100/lineage-track-001/output-lineage-graph-9a5ef2d54c6da9b6.json,183,9a5ef2d54c6da9b6fdd3e73d66aeb88586423efbdaa538122ac0d64d310f17d1
12-本次运行产物/chains/plan-ai-fund-fraud-100/macro-policy-risk-scan-001/output-policy-risk-set-4ce68612d0b0f716.json,336,4ce68612d0b0f716a084d20260bc06e4fbac7acf367a44dcfdc2d93295b94925
12-本次运行产物/chains/plan-ai-fund-fraud-100/master-mapping-001/output-master-map-43f60b93f77109c5.json,401,43f60b93f77109c521894dc0171913ac0c08f2fbafeb8b810c5d9a3fba48f6fb
12-本次运行产物/chains/plan-ai-fund-fraud-100/material-precheck-001/output-precheck-report-a65b8a46c59a7ee1.json,638,a65b8a46c59a7ee1634eac4cdb4184a3bed00b93dea17e21009aa269cbeeb591
12-本次运行产物/chains/plan-ai-fund-fraud-100/material-submit-001/output-submitted-material-fe21194f858c9d1a.json,856,fe21194f858c9d1a6915c67d65b9860c6d6c23fa06d7e98f3fc605ad0ec0a746
12-本次运行产物/chains/plan-ai-fund-fraud-100/meeting-minutes-001/output-meeting-minutes-6a077aae3a5e7068.json,529,6a077aae3a5e7068b53125bf0f516d38d0a6125fabdbd492c1e9c31ec653e870
12-本次运行产物/chains/plan-ai-fund-fraud-100/metadata-manage-001/output-metadata-dict-e84b78568f4af2d8.json,400,e84b78568f4af2d84420d73b75af840425c460673e2db2858664d4d486fbb7f1
12-本次运行产物/chains/plan-ai-fund-fraud-100/method-distill-001/output-method-library-e366e286398c49ba.json,375,e366e286398c49baebb7c6ecc32310775552a3c829fd79ac034c7ef2b07aed6c
12-本次运行产物/chains/plan-ai-fund-fraud-100/metric-compute-001/output-metric-output-858c52990f03871c.json,1276,858c52990f03871ca901484beb1c7123532ffcb2e8e1035aef5f2b902c73591c
12-本次运行产物/chains/plan-ai-fund-fraud-100/multi-source-collect-001/output-audit-source-set-e940ce3dca462912.json,325,e940ce3dca4629123cfa6604ce453a93dff05f4053651bc852b012e7b492c2a2
12-本次运行产物/chains/plan-ai-fund-fraud-100/nlp-process-001/output-nlp-output-65b3cd4da8e9d9fc.json,734,65b3cd4da8e9d9fc07fb70de5224bfc35ad5f576ba186fb0620305f023f3bc67
12-本次运行产物/chains/plan-ai-fund-fraud-100/notice-generate-001/output-audit-notice-012e4e30bfb32e90.json,366,012e4e30bfb32e9037f4eecf39d93628736148d8cc3e129ed55a4c7d881de19c
12-本次运行产物/chains/plan-ai-fund-fraud-100/notice-mask-publish-001/output-published-notice-097547cd61dcc1dd.json,404,097547cd61dcc1dd1f904b38e812f4e542fb55428ce48bfb30bbd6d7bb304599
12-本次运行产物/chains/plan-ai-fund-fraud-100/ocr-extract-001/output-ocr-text-469c870a22623b31.json,573,469c870a22623b318b38ed51a74036857b0d74d86d37fb320a0f78db13988a60
12-本次运行产物/chains/plan-ai-fund-fraud-100/permission-control-001/output-access-decision-7cfe561bf7550768.json,416,7cfe561bf7550768314f1f54ed6b78a709601ad2ab74b52342e6581d913106ce
12-本次运行产物/chains/plan-ai-fund-fraud-100/plan-version-control-001/output-plan-version-3d268db6109b8da6.json,619,3d268db6109b8da6795048d232a0dc65bf2fafc3198e8ec0882bf28bd061d354
12-本次运行产物/chains/plan-ai-fund-fraud-100/priority-rank-001/output-priority-order-70f2f100f217c324.json,281,70f2f100f217c32495679bcb2bf3b477205a859616bf8a1d53ea7c5aa1ca1bcc
12-本次运行产物/chains/plan-ai-fund-fraud-100/process-gap-detect-001/output-process-gap-set-c642a31c39500951.json,336,c642a31c39500951ffd3d25bc400b4f924d52a1e3660f77d35e18021f644b392
12-本次运行产物/chains/plan-ai-fund-fraud-100/program-template-match-001/output-program-template-897a7b5697044b63.json,2871,897a7b5697044b63dff422f5b996d8547e4b0f925b9d77cf6883cab25e0fefcb
12-本次运行产物/chains/plan-ai-fund-fraud-100/progress-report-001/output-progress-daily-0d617d5f4cfa6210.json,227,0d617d5f4cfa6210f882080744efafb8b80a1423cbc425aafc564d8966f8c841
12-本次运行产物/chains/plan-ai-fund-fraud-100/project-library-001/output-project-snapshot-74403cf3b347369d.json,465,74403cf3b347369dbdaefdb8da95b1d1eea76796a5c4c14b726bcadfc1de3bfe
12-本次运行产物/chains/plan-ai-fund-fraud-100/project-quality-score-001/output-quality-score-87a53604217d6a77.json,287,87a53604217d6a772bac7cd3d486fecd9144c3bb4d65c5c90aa19ce1c4726128
12-本次运行产物/chains/plan-ai-fund-fraud-100/project-scheme-build-001/output-project-scheme-f2ae1463aaaeb0e0.json,1660,f2ae1463aaaeb0e0c68a641388960c4676b7b70d36d9e183c6b2d91cec32e60b
12-本次运行产物/chains/plan-ai-fund-fraud-100/proposal-score-001/output-scored-proposal-b8e66b9a2197141e.json,282,b8e66b9a2197141e97fd0e28e0b83673baf8d1210d4aa4364c194c2fba02c623
12-本次运行产物/chains/plan-ai-fund-fraud-100/quality-check-001/output-quality-report-4bdfe153cbde541a.json,1141,4bdfe153cbde541a50daa10de4ba46dae9a70ef72ae9da25cf2b8219ee750e36
12-本次运行产物/chains/plan-ai-fund-fraud-100/remedy-close-001/output-remedy-ledger-b46e5f7ddc3d674f.json,252,b46e5f7ddc3d674f66e44c1e04a08463013a104bf8205b6a3c8b957aa1121ce7
12-本次运行产物/chains/plan-ai-fund-fraud-100/remedy-dispatch-001/output-remedy-task-25e15d9a2987aaa1.json,1703,25e15d9a2987aaa15e0e81cd7fb9a323794e522bd3f1ddf4c4f832f2718ca514
12-本次运行产物/chains/plan-ai-fund-fraud-100/remedy-effect-verify-001/output-remedy-verdict-45dfc352ebb4ea54.json,354,45dfc352ebb4ea5450e22b460914b5feb370fa4afcabb8e71d16bdb3ce6ecb18
12-本次运行产物/chains/plan-ai-fund-fraud-100/remedy-overdue-alert-001/output-overdue-alert-8dad958720735a1c.json,304,8dad958720735a1c1834eea8310c5632568844ef9bd83fb77667beb65530ab7c
12-本次运行产物/chains/plan-ai-fund-fraud-100/remedy-plan-review-001/output-remedy-plan-approved-15ac6ab30c033671.json,1892,15ac6ab30c033671eb9427c33725e0c1514ec0be6e8a97b7d0923a1e2e5ba7c2
12-本次运行产物/chains/plan-ai-fund-fraud-100/remedy-progress-track-001/output-remedy-progress-aa49215fe753e480.json,486,aa49215fe753e4808f338f82ff3bfa4c6b26ca31997a2d8738fb1f1bc7fdff03
12-本次运行产物/chains/plan-ai-fund-fraud-100/remedy-publish-001/output-published-remedy-3c5b826eb38b0199.json,331,3c5b826eb38b0199d6d717805064c6ea3d229a62a514060bc3d10af74cbadd89
12-本次运行产物/chains/plan-ai-fund-fraud-100/report-data-check-001/output-report-check-report-5608cb993fa82708.json,541,5608cb993fa827088ccc55fa713ff8c501b04f43912a2289b17c949671343e17
12-本次运行产物/chains/plan-ai-fund-fraud-100/report-frame-build-001/output-report-frame-547cca5d95ac3288.json,659,547cca5d95ac328866b954dae151d157c64670620027f3c7e149875f6694c3eb
12-本次运行产物/chains/plan-ai-fund-fraud-100/report-multi-review-001/output-report-approved-91f08b9750152bdf.json,278,91f08b9750152bdf4065122e735439ef45d17a0e9131428b207a99f3a1e492ce
12-本次运行产物/chains/plan-ai-fund-fraud-100/resource-conflict-detect-001/output-conflict-alert-44cc9887b84a6785.json,385,44cc9887b84a678505c76673a8e75545c14f6a137d6800a5502dc26fc5d3b025
12-本次运行产物/chains/plan-ai-fund-fraud-100/responsible-party-find-001/output-responsible-party-30f93d499da201cf.json,4948,30f93d499da201cffe71e6451e430b0acfd709e2be934c31af0f37f05ff10688
12-本次运行产物/chains/plan-ai-fund-fraud-100/result-distill-001/output-distilled-result-e4bf3ce4817ead89.json,469,e4bf3ce4817ead8916bc5f9874d7539b14de60154fd5e0da05a7e2921b563492
12-本次运行产物/chains/plan-ai-fund-fraud-100/risk-advice-generate-001/output-risk-advice-set-17bc556a3a9ba7e3.json,467,17bc556a3a9ba7e32e63993bb6b676e7469922e883a07cc1a1183be7ac77369d
12-本次运行产物/chains/plan-ai-fund-fraud-100/risk-heatmap-draw-001/output-risk-heatmap-9a36641a084ac5bd.json,555,9a36641a084ac5bdc309672a72f39278596f2ccb49615b60eab70dae853c6bcf
12-本次运行产物/chains/plan-ai-fund-fraud-100/risk-level-assign-001/output-risk-level-8fe43612aa1044c2.json,3759,8fe43612aa1044c2cf639053cdd5c4a2452504f04963cef5028233f7d3673b44
12-本次运行产物/chains/plan-ai-fund-fraud-100/risk-matrix-build-001/output-risk-matrix-f29681f458c8844c.json,8090,f29681f458c8844c1842deac162e0cc6c5ec67e8d5d40beacfde17a4c39f3028
12-本次运行产物/chains/plan-ai-fund-fraud-100/rule-engine-001/output-rule-evaluation-3b2456a4180bc79b.json,535,3b2456a4180bc79bfaeba0d75ce7e25ca29ef86b21841f4c53eb22c432b8f207
12-本次运行产物/chains/plan-ai-fund-fraud-100/rule-iteration-001/output-updated-rule-pack-63bcf54bda9da9a8.json,585,63bcf54bda9da9a8553fa2c626e432fe1e20cdaf4366715667efa6eadbba6088
12-本次运行产物/chains/plan-ai-fund-fraud-100/sample-size-compute-001/output-sample-size-6078e9cef44ea7f9.json,223,6078e9cef44ea7f9811916628a81b2aef969fa4789f6caf01a55d6cdd89e5b7a
12-本次运行产物/chains/plan-ai-fund-fraud-100/sampling-select-001/output-sampling-plan-7d654f273bbdd7a2.json,388,7d654f273bbdd7a2951b64a6663f99562967ce60401fb28377417abf982ef905
12-本次运行产物/chains/plan-ai-fund-fraud-100/site-checkin-track-001/output-checkin-log-accf2f740c9562fe.json,271,accf2f740c9562fe31257d33bfd25dfad8244ad695a803e34569f2dfb09c8a86
12-本次运行产物/chains/plan-ai-fund-fraud-100/staff-schedule-001/output-schedule-plan-94d3d490ca5b966e.json,1987,94d3d490ca5b966e0efe0100f82db64f10cff82fc17b2b2c41cb6119d587d415
12-本次运行产物/chains/plan-ai-fund-fraud-100/strategy-align-001/output-aligned-demand-efb7c446d566d88d.json,1040,efb7c446d566d88ddcfa73e041124624a7e802c91871eeac3246e680c13eaff4
12-本次运行产物/chains/plan-ai-fund-fraud-100/suspicion-flag-001/output-suspicion-set-263de00cc9690c06.json,697,263de00cc9690c065c19d2e319a3109cf6ce5bf552aec4b86a0b69e84f0cecdd
12-本次运行产物/chains/plan-ai-fund-fraud-100/suspicion-merge-001/output-merged-suspicion-3080a72ab8568f9f.json,3059,3080a72ab8568f9fdf81d796f96356aaa5f667e3c7d4232365c1265e805f2e69
12-本次运行产物/chains/plan-ai-fund-fraud-100/tag-manage-001/output-tag-tree-9f02df2e70e47e2c.json,473,9f02df2e70e47e2c3e353b24d86b4d71f0e07eed70107af09a4f1a68cd7d1d64
12-本次运行产物/chains/plan-ai-fund-fraud-100/team-forming-001/output-team-scheme-710f373f182754ee.json,965,710f373f182754eebcb955e2a453f1a778d7ece8f0b5f26b9dd67d0590b95b0d
12-本次运行产物/chains/plan-ai-fund-fraud-100/violation-clause-match-001/output-violation-clause-81889837d75fbc0d.json,4902,81889837d75fbc0d4f2f89193bb926fe2d5e35772bdc6ff63742479c71c151d4
12-本次运行产物/chains/plan-ai-fund-fraud-100/viz-analysis-001/output-viz-output-c9dcb0db0bdecd46.json,461,c9dcb0db0bdecd46ea2ce146f87e2cee870f7ef3418e698ac517fffb6fb58862
12-本次运行产物/chains/plan-ai-fund-fraud-100/voucher-drilldown-001/output-voucher-chain-eba51fdc5736936c.json,10998,eba51fdc5736936cc1fc4dc3d6cfb0cd350914ffbe9cf1d46a519cc8c11635dc
12-本次运行产物/chains/plan-ai-fund-fraud-100/workflow-engine-001/output-workflow-state-d010a13caebec7ce.json,238,d010a13caebec7ce0d4dec4376d1fa4587a9e3917a84a8d2eb8104345890bb5e
12-本次运行产物/chains/plan-ai-fund-fraud-100/workpaper-borrow-approve-001/output-borrow-status-c249e28684c276e6.json,518,c249e28684c276e6951b9deeab92fa216de2e0326dd89429d81f62b0dd6c3a43
12-本次运行产物/chains/plan-ai-fund-fraud-100/workpaper-build-001/output-workpaper-draft-6faf6a6f6ac5b829.json,8775,6faf6a6f6ac5b8294f941fe18bcf987ce85ca148703aff247453a42ade9351b3
12-本次运行产物/chains/plan-ai-fund-fraud-100/workpaper-encrypt-store-001/output-encrypt-status-ed1f6e7a6617b363.json,3738,ed1f6e7a6617b363e168bc2c6bcce40d039f4ea0c38219984d5eba731630098c
12-本次运行产物/chains/plan-ai-fund-fraud-100/workpaper-reconcile-001/output-reconcile-report-9502e3fca3613bbd.json,213,9502e3fca3613bbdde3d7be9e1931840ea7a9529e59e7234aeadb71adec5e74c
12-本次运行产物/chains/plan-ai-fund-fraud-100/workpaper-review3-001/output-review-status-c9b852ea134e298c.json,4075,c9b852ea134e298c4acb309ec6f7eecfdf9cd244a4815b74b723690b57929ea2
12-本次运行产物/chains/plan-ai-fund-fraud-100/workpaper-template-update-001/output-template-update-set-72e8196978588f60.json,4210,72e8196978588f609276ba1981583c9f0b8d28110f887cff966731b084cc9c6c
12-本次运行产物/chains/plan-ai-fund-fraud-100/workpaper-version-diff-001/output-version-diff-report-d63294efb2dd69a2.json,4300,d63294efb2dd69a24f5872c2f495fcdbf793b9c3b6aa73cbdba920a351e063c9
12-本次运行产物/inputs/assets.json,202,4cbca1875e354c015527fd32a0a2a52ae33d474c929304bb51a15d484903806c
12-本次运行产物/inputs/borrow-request.json,250,e3aefa190f6655a03abc7ef70f3a456cdbbb5611b469c4a0e82566f7408bb2a8
12-本次运行产物/inputs/budget.json,178,138e9579a8f066eee94397ab7867cc0ce293e7d3c9c3d0520050c10b1a128fef
12-本次运行产物/inputs/checkins.json,350,e448659497161535bd726f2e63714123fbd24113131ebaabebd42436ea8ac6ec
12-本次运行产物/inputs/collect-req.json,37,776fb24e373b25049bc7e1a7e38da6ffc905dbe196780c952e33bf20a0207aa0
12-本次运行产物/inputs/confirmations.json,221,f53bf398a99255b910faf9a5c1e5f9c67062491223c64bae939dd7cfae264c52
12-本次运行产物/inputs/demands.json,455,97c6776be079fffb34a7b467a7842cd5cc80c981b27c2aac2c674d4f4f906a28
12-本次运行产物/inputs/encrypt-req.json,40,a7a439bf483f757ea1ef66b49ec32cba5db4cab99baf648881c92085098cc1c4
12-本次运行产物/inputs/extension.json,147,88b85d8cde51d1a508b836eda04cf27115c045852fae288740974271110237c4
12-本次运行产物/inputs/field.json,537,98f13e43f89680ed0babd87380765a0ff853fc5c9f2096c2ed6ef7f54062f5ec
12-本次运行产物/inputs/fraud-input.json,350,c845d0b37c61513d8a09927d0ffc7108af78b6f9a4534f7d6e4e93e4390bfc0c
12-本次运行产物/inputs/fraud-risk-set.json,485,6ba0039bdc9e1db9dec9b4b594692c98086148a775a88c903ca33bddc8127ba4
12-本次运行产物/inputs/high-risk.json,321,aaea32606352eb7b5e17ddb1bc07b7d485a74924add78ba1f2dc9fb9091827a2
12-本次运行产物/inputs/history-issues.json,352,e86d65284cd61ad17b112b6e5a0395865039f80a1867ccbc713d8ac38c2db88d
12-本次运行产物/inputs/ic-flow.json,351,cec32fcd320df85b39373e47c8971580f4880b5a44f7f39cafabd7fdf25b49b5
12-本次运行产物/inputs/ic-risk-set.json,473,2d466cbe09f04908801d745054ff6a62287e1e2ea8d915780985829851529941
12-本次运行产物/inputs/industry-benchmark.json,287,904a5e35dd97513e2afc200fca13934829cec635203322655225cd32e6628ede
12-本次运行产物/inputs/industry-risk-set.json,492,76d377bcabff75ecfb54603e81e9f43794f187c32088bbb62615a30bd18e4535
12-本次运行产物/inputs/inquiries.json,219,7021c66cb51bfd2bd34133003d7b4fdd4b60476f8ded799f1ad2036ca4e9b72c
12-本次运行产物/inputs/interviews.json,330,65c5f77b2362153d34794f56278b9bea9781fc179e50be91384ef66d088af529
12-本次运行产物/inputs/inventory.json,169,6673c26ac9b8db48f1c07172618b0531f4894b403924822ec795abed8daf0a72
12-本次运行产物/inputs/invoice-scan.txt,42,39116e923fa1ab516bd3f279826bda2f0a925ca995a59abbcebe5e031d717cc6
12-本次运行产物/inputs/ledger.csv,5280,79a9c4f07b4e5ec3dbf88c17cc3d5ca338244d025ac9411be6e1a2f5cb46f3bf
12-本次运行产物/inputs/lineage-q.json,92,f55fb7cabb97f672ac3667c8c8d584ac4c144981cb7f4a552307b129e2eabef8
12-本次运行产物/inputs/lineage.json,493,0fadb06d74e6e881267c1a30be277f050b5fddcb8ba609e47895c3f7527699f6
12-本次运行产物/inputs/log-events.json,306,eb94d733e7485dfe3d4fb5ad0159ed1b093cf404e1e2cecf2c13810cfa8756d5
12-本次运行产物/inputs/mask-req.json,71,a5c1beafe92f6644ba57214bd6f2e89b04da7f0dab2d7490627bef9630d2eeb4
12-本次运行产物/inputs/master-src.json,60,02c22c2c5b61024c1e83df49d08c6b212c94272ec2970f09014cd3575fcf6f3f
12-本次运行产物/inputs/master.json,559,a330fe5e662c168d99b8504d72651d59bacf90f3bbd73bd123e0d537743f0dac
12-本次运行产物/inputs/meeting.json,251,13122ecb5f49331453f2ee038b396969f4beed07e1713c990f2dc4fda4fe26f2
12-本次运行产物/inputs/meta-q.json,57,4e2057cee9dbc091ad18523b0b178b0fcd8ac5ad475d191b229ec91f9ab0b9b2
12-本次运行产物/inputs/metric-ledger.csv,5280,79a9c4f07b4e5ec3dbf88c17cc3d5ca338244d025ac9411be6e1a2f5cb46f3bf
12-本次运行产物/inputs/nlp.json,152,870e4d26ab83ef4951e9e43a57891335524ac95191bf8307ba86631831227133
12-本次运行产物/inputs/perm-req.json,37,c3ba0630ef63fab294e9beea3754319a1b7648ef230cd0d49e9a553fe2835113
12-本次运行产物/inputs/photos.json,437,a7720a2c3f2d09cb05929ce4105268f2775d87f9a05d0861396b2028ad5ade6f
12-本次运行产物/inputs/plan-changes.json,196,dab71ea879f76998b31a273331dad2bd46bc29bc1d4fc84b53de57678a72896c
12-本次运行产物/inputs/policy-input.json,313,789bd55c3c60e47ea3698bfcf963b3f6a85425e01585bd46300071a7cdd090e2
12-本次运行产物/inputs/policy-risk-set.json,487,73bbfe30e91629606230056eda73532522995b29deff3559a18c61f3f4e53a0c
12-本次运行产物/inputs/population.json,187,ed3d7f62dd799c498a42b74faf73fc644397148599b7e37de4fc1f968250d1fc
12-本次运行产物/inputs/process-gap-set.json,486,e515231406e5cc504e511d3093fd3100e1f64e7c4e5dcc632dbe8b96b0fae965
12-本次运行产物/inputs/process-input.json,272,25e7853bb94114a1e86d0ca14c8e5f25e9ad85deee08479955c6aff77a6ab601
12-本次运行产物/inputs/program-template.json,257,271a0b8bf60987def7ba7483e442bb4e3b6de788a6baa714e538aed5305d7ba3
12-本次运行产物/inputs/project-flow.json,389,b125a321c0f122deb8d01ae7e536078be39c3b94ba8e19b4dda50d67a20d5c29
12-本次运行产物/inputs/quality-ledger.csv,5280,79a9c4f07b4e5ec3dbf88c17cc3d5ca338244d025ac9411be6e1a2f5cb46f3bf
12-本次运行产物/inputs/raw-biz.json,108,416e9455ded7464741b941e87435507b1f125f811db067aaa7a0a259dd1cb7f0
12-本次运行产物/inputs/remedy-evidence.json,347,1de29a2682ad6a8ce767272b53451e90ae781ab1141e534227f67ff6b9a340f5
12-本次运行产物/inputs/remedy.json,631,d076c88353ea160ea4df1858447908127fb0dc0086148c2f57516b8a1fb1130d
12-本次运行产物/inputs/review-notes.json,174,2e9141d5d3a395a572422fe69bd0f2e3d00d2b1bc013dc98fccfdd537ad20252
12-本次运行产物/inputs/risk-advice.json,238,b37597ec149fa0b2c93fbe928ec57167120a74417cf3cc2408b3f9ccf9c2b0a1
12-本次运行产物/inputs/rules.json,4943,7c3236ce3875131f82d39a90548698faa5926aad0449d9249c1b6f48ae3edc55
12-本次运行产物/inputs/sample-size.json,213,b7c97348bcea1aeb25ca1124213539fecfb1cf1814d019c4445becf73d97e3ab
12-本次运行产物/inputs/search-q.json,132,a0a9dd14665f72d818a35ae73eb7d286b8625038cac6969520ab61b7850a2bc2
12-本次运行产物/inputs/submitted-units.json,323,396b164e6a70aff68ba993ea24c98a16e10503f5b8bf928864dd2858c6785b94
12-本次运行产物/inputs/tag-query.json,251,2dd8c29d814582373412ef3a7b0864b638a2c26154448d1308403ad38015e357
12-本次运行产物/inputs/viz-in.json,61,892898d7f2c4758d8b022804ae6a5a590e6989e97920382a2d054224bca1937c
12-本次运行产物/inputs/wf-req.json,90,6376ec2d2145943a1299309792de9c317b322f9a6ee6b83be5278923ea97cefe
13-历史组网运行/isolated-ai-composed/chains/plan-ai-fund-fraud-audit/evidence-verify-001/output-evidence-verdict-a57d88ab7d2abcf9.json,605,a57d88ab7d2abcf9f4f6c1e6cefe6c4166732452bd6a67096d7054a7a2cef06c
13-历史组网运行/isolated-ai-composed/chains/plan-ai-fund-fraud-audit/finance-anomaly-alert-001/output-finance-anomaly-set-84f13a7697c37159.json,5037,84f13a7697c37159505746dcc1892a8f09f37d5cb93e7e00632b3e11164c297d
13-历史组网运行/isolated-ai-composed/chains/plan-ai-fund-fraud-audit/finance-clean-001/output-clean-finance-set-e5b3c6fb99105af8.json,17620,e5b3c6fb99105af8c306ce9231530948faf0864c266e5470b514e042f10e0108
13-历史组网运行/isolated-ai-composed/chains/plan-ai-fund-fraud-audit/issue-amount-compute-001/output-issue-amount-e9787dfea7975383.json,6976,e9787dfea7975383d68e2b98981c7183449551fce305d3f49b0542c1df8cc3ed
13-历史组网运行/isolated-ai-composed/chains/plan-ai-fund-fraud-audit/issue-desc-write-001/output-issue-desc-758ad7d3cee12821.json,5956,758ad7d3cee12821c2d611bb629ff55b457200773f08c2c518b303ffbbc0b30b
13-历史组网运行/isolated-ai-composed/chains/plan-ai-fund-fraud-audit/issue-type-judge-001/output-issue-type-set-7feb50e79d8388eb.json,5767,7feb50e79d8388eb4de9189c6602dd889603a6cef803036a396648d57f8d5ed4
13-历史组网运行/isolated-ai-composed/chains/plan-ai-fund-fraud-audit/metric-compute-001/output-metric-output-06c5ad4635557277.json,1167,06c5ad463555727708c08a93921b08ec1b58f3b8a37ce6b97b3ee807f023f48e
13-历史组网运行/isolated-ai-composed/chains/plan-ai-fund-fraud-audit/nlp-process-001/output-nlp-output-624a383077fc5278.json,516,624a383077fc52780acd77e5bd57b4e63deaef7edbf8edebc37a5e919f23881c
13-历史组网运行/isolated-ai-composed/chains/plan-ai-fund-fraud-audit/ocr-extract-001/output-ocr-text-0a8bc63d1b8b1ab2.json,355,0a8bc63d1b8b1ab2a61822521c20969b153d7683d87dcc0519c4b2123320919f
13-历史组网运行/isolated-ai-composed/chains/plan-ai-fund-fraud-audit/quality-check-001/output-quality-report-4bdfe153cbde541a.json,1141,4bdfe153cbde541a50daa10de4ba46dae9a70ef72ae9da25cf2b8219ee750e36
13-历史组网运行/isolated-ai-composed/chains/plan-ai-fund-fraud-audit/remedy-progress-track-001/output-remedy-progress-17b5a7543b44f320.json,599,17b5a7543b44f320ae9fa1bfe698709e8b07c6086ec95453e25eae9e9b910707
13-历史组网运行/isolated-ai-composed/chains/plan-ai-fund-fraud-audit/risk-matrix-build-001/output-risk-matrix-fc4f77267c506a30.json,10058,fc4f77267c506a30278d7e25ef8f93aaa740c68480ec052d61a6f53c637e920d
13-历史组网运行/isolated-ai-composed/chains/plan-ai-fund-fraud-audit/rule-engine-001/output-rule-evaluation-3b2456a4180bc79b.json,535,3b2456a4180bc79bfaeba0d75ce7e25ca29ef86b21841f4c53eb22c432b8f207
13-历史组网运行/isolated-ai-composed/chains/plan-ai-fund-fraud-audit/suspicion-merge-001/output-merged-suspicion-3080a72ab8568f9f.json,3059,3080a72ab8568f9fdf81d796f96356aaa5f667e3c7d4232365c1265e805f2e69
13-历史组网运行/isolated-ai-composed/chains/plan-ai-fund-fraud-audit/tag-manage-001/output-tag-tree-9f02df2e70e47e2c.json,473,9f02df2e70e47e2c3e353b24d86b4d71f0e07eed70107af09a4f1a68cd7d1d64
13-历史组网运行/isolated-ai-composed/inputs/fraud-risk-set.json,485,6ba0039bdc9e1db9dec9b4b594692c98086148a775a88c903ca33bddc8127ba4
13-历史组网运行/isolated-ai-composed/inputs/ic-risk-set.json,473,2d466cbe09f04908801d745054ff6a62287e1e2ea8d915780985829851529941
13-历史组网运行/isolated-ai-composed/inputs/industry-risk-set.json,492,76d377bcabff75ecfb54603e81e9f43794f187c32088bbb62615a30bd18e4535
13-历史组网运行/isolated-ai-composed/inputs/invoice-scan.txt,42,39116e923fa1ab516bd3f279826bda2f0a925ca995a59abbcebe5e031d717cc6
13-历史组网运行/isolated-ai-composed/inputs/ledger.csv,5280,79a9c4f07b4e5ec3dbf88c17cc3d5ca338244d025ac9411be6e1a2f5cb46f3bf
13-历史组网运行/isolated-ai-composed/inputs/lineage.json,493,0fadb06d74e6e881267c1a30be277f050b5fddcb8ba609e47895c3f7527699f6
13-历史组网运行/isolated-ai-composed/inputs/metric-ledger.csv,5280,79a9c4f07b4e5ec3dbf88c17cc3d5ca338244d025ac9411be6e1a2f5cb46f3bf
13-历史组网运行/isolated-ai-composed/inputs/nlp.json,152,870e4d26ab83ef4951e9e43a57891335524ac95191bf8307ba86631831227133
13-历史组网运行/isolated-ai-composed/inputs/photos.json,52,8f54480a685ea7f172f2aab6d0bb0b2dc56f078eae6205983d230b44a43debc9
13-历史组网运行/isolated-ai-composed/inputs/process-gap-set.json,486,e515231406e5cc504e511d3093fd3100e1f64e7c4e5dcc632dbe8b96b0fae965
13-历史组网运行/isolated-ai-composed/inputs/quality-ledger.csv,5280,79a9c4f07b4e5ec3dbf88c17cc3d5ca338244d025ac9411be6e1a2f5cb46f3bf
13-历史组网运行/isolated-ai-composed/inputs/remedy.json,631,d076c88353ea160ea4df1858447908127fb0dc0086148c2f57516b8a1fb1130d
13-历史组网运行/isolated-ai-composed/inputs/rules.json,4943,7c3236ce3875131f82d39a90548698faa5926aad0449d9249c1b6f48ae3edc55
13-历史组网运行/isolated-ai-composed/inputs/tag-query.json,251,2dd8c29d814582373412ef3a7b0864b638a2c26154448d1308403ad38015e357
13-历史组网运行/isolated-ai-composed-21/chains/plan-ai-fund-fraud-21/auditee-feedback-001/output-feedback-set-3d7355a15f83c75b.json,6387,3d7355a15f83c75bb788a0ce6dbba9155d37f971cdda9e553190098c489ec9f9
13-历史组网运行/isolated-ai-composed-21/chains/plan-ai-fund-fraud-21/evidence-verify-001/output-evidence-verdict-a57d88ab7d2abcf9.json,605,a57d88ab7d2abcf9f4f6c1e6cefe6c4166732452bd6a67096d7054a7a2cef06c
13-历史组网运行/isolated-ai-composed-21/chains/plan-ai-fund-fraud-21/finance-anomaly-alert-001/output-finance-anomaly-set-84f13a7697c37159.json,5037,84f13a7697c37159505746dcc1892a8f09f37d5cb93e7e00632b3e11164c297d
13-历史组网运行/isolated-ai-composed-21/chains/plan-ai-fund-fraud-21/finance-clean-001/output-clean-finance-set-e5b3c6fb99105af8.json,17620,e5b3c6fb99105af8c306ce9231530948faf0864c266e5470b514e042f10e0108
13-历史组网运行/isolated-ai-composed-21/chains/plan-ai-fund-fraud-21/issue-amount-compute-001/output-issue-amount-28d30253ca3801e5.json,4256,28d30253ca3801e5a4ecc4366d49dae9d78ae0e6f8cf2f1145813d91c21a82ac
13-历史组网运行/isolated-ai-composed-21/chains/plan-ai-fund-fraud-21/issue-desc-write-001/output-issue-desc-d86cd007e3b98c1a.json,3728,d86cd007e3b98c1a759f24d3dcba97aae2b9f5e04f6fae84ac675abee47d2d70
13-历史组网运行/isolated-ai-composed-21/chains/plan-ai-fund-fraud-21/issue-final-review-001/output-final-issue-set-eb21c1f7785cff78.json,6705,eb21c1f7785cff78ad15b53c46befe962b08be7379a5eb2cd2d1b7b49ac26b9b
13-历史组网运行/isolated-ai-composed-21/chains/plan-ai-fund-fraud-21/issue-grade-001/output-graded-issue-31818993fda5d3c1.json,5077,31818993fda5d3c129556bf3b58f9cb95c536ad6eec42422e306fb2511497f8f
13-历史组网运行/isolated-ai-composed-21/chains/plan-ai-fund-fraud-21/issue-type-judge-001/output-issue-type-set-248791398809fa12.json,3522,248791398809fa1291f5c4be62cbb77b308dd9f4bbe2947fd6745e4e2bf6fa9c
13-历史组网运行/isolated-ai-composed-21/chains/plan-ai-fund-fraud-21/metric-compute-001/output-metric-output-7965b16951f459ff.json,1170,7965b16951f459ff4a3fe664e74280903b46ef6955593a7e680746d88b311207
13-历史组网运行/isolated-ai-composed-21/chains/plan-ai-fund-fraud-21/nlp-process-001/output-nlp-output-d77ec10a011f3552.json,522,d77ec10a011f3552136fb774748dd7b89f8010036e751727a6acbcab594de5c7
13-历史组网运行/isolated-ai-composed-21/chains/plan-ai-fund-fraud-21/ocr-extract-001/output-ocr-text-a5e386c6cfa893c8.json,361,a5e386c6cfa893c892e4ba3ec4dffb8eadc021b58c88c2add53593b325c449cf
13-历史组网运行/isolated-ai-composed-21/chains/plan-ai-fund-fraud-21/quality-check-001/output-quality-report-4bdfe153cbde541a.json,1141,4bdfe153cbde541a50daa10de4ba46dae9a70ef72ae9da25cf2b8219ee750e36
13-历史组网运行/isolated-ai-composed-21/chains/plan-ai-fund-fraud-21/remedy-progress-track-001/output-remedy-progress-17b5a7543b44f320.json,599,17b5a7543b44f320ae9fa1bfe698709e8b07c6086ec95453e25eae9e9b910707
13-历史组网运行/isolated-ai-composed-21/chains/plan-ai-fund-fraud-21/responsible-party-find-001/output-responsible-party-40e2f041b9933b62.json,5558,40e2f041b9933b620dc33708173b670db67be5483f6fe82642411af8613b68bf
13-历史组网运行/isolated-ai-composed-21/chains/plan-ai-fund-fraud-21/risk-matrix-build-001/output-risk-matrix-05f4cfd5035c4827.json,7691,05f4cfd5035c482775a932f95656cd161723d750a5f5487c3fa6da78cbb5c4d3
13-历史组网运行/isolated-ai-composed-21/chains/plan-ai-fund-fraud-21/rule-engine-001/output-rule-evaluation-3b2456a4180bc79b.json,535,3b2456a4180bc79bfaeba0d75ce7e25ca29ef86b21841f4c53eb22c432b8f207
13-历史组网运行/isolated-ai-composed-21/chains/plan-ai-fund-fraud-21/suspicion-flag-001/output-suspicion-set-263de00cc9690c06.json,697,263de00cc9690c065c19d2e319a3109cf6ce5bf552aec4b86a0b69e84f0cecdd
13-历史组网运行/isolated-ai-composed-21/chains/plan-ai-fund-fraud-21/suspicion-merge-001/output-merged-suspicion-3080a72ab8568f9f.json,3059,3080a72ab8568f9fdf81d796f96356aaa5f667e3c7d4232365c1265e805f2e69
13-历史组网运行/isolated-ai-composed-21/chains/plan-ai-fund-fraud-21/tag-manage-001/output-tag-tree-9f02df2e70e47e2c.json,473,9f02df2e70e47e2c3e353b24d86b4d71f0e07eed70107af09a4f1a68cd7d1d64
13-历史组网运行/isolated-ai-composed-21/chains/plan-ai-fund-fraud-21/violation-clause-match-001/output-violation-clause-81889837d75fbc0d.json,4902,81889837d75fbc0d4f2f89193bb926fe2d5e35772bdc6ff63742479c71c151d4
13-历史组网运行/isolated-ai-composed-21/inputs/field.json,537,98f13e43f89680ed0babd87380765a0ff853fc5c9f2096c2ed6ef7f54062f5ec
13-历史组网运行/isolated-ai-composed-21/inputs/fraud-risk-set.json,485,6ba0039bdc9e1db9dec9b4b594692c98086148a775a88c903ca33bddc8127ba4
13-历史组网运行/isolated-ai-composed-21/inputs/ic-risk-set.json,473,2d466cbe09f04908801d745054ff6a62287e1e2ea8d915780985829851529941
13-历史组网运行/isolated-ai-composed-21/inputs/industry-risk-set.json,492,76d377bcabff75ecfb54603e81e9f43794f187c32088bbb62615a30bd18e4535
13-历史组网运行/isolated-ai-composed-21/inputs/invoice-scan.txt,42,39116e923fa1ab516bd3f279826bda2f0a925ca995a59abbcebe5e031d717cc6
13-历史组网运行/isolated-ai-composed-21/inputs/ledger.csv,5280,79a9c4f07b4e5ec3dbf88c17cc3d5ca338244d025ac9411be6e1a2f5cb46f3bf
13-历史组网运行/isolated-ai-composed-21/inputs/lineage.json,493,0fadb06d74e6e881267c1a30be277f050b5fddcb8ba609e47895c3f7527699f6
13-历史组网运行/isolated-ai-composed-21/inputs/master.json,559,a330fe5e662c168d99b8504d72651d59bacf90f3bbd73bd123e0d537743f0dac
13-历史组网运行/isolated-ai-composed-21/inputs/metric-ledger.csv,5280,79a9c4f07b4e5ec3dbf88c17cc3d5ca338244d025ac9411be6e1a2f5cb46f3bf
13-历史组网运行/isolated-ai-composed-21/inputs/nlp.json,152,870e4d26ab83ef4951e9e43a57891335524ac95191bf8307ba86631831227133
13-历史组网运行/isolated-ai-composed-21/inputs/photos.json,52,8f54480a685ea7f172f2aab6d0bb0b2dc56f078eae6205983d230b44a43debc9
13-历史组网运行/isolated-ai-composed-21/inputs/policy-risk-set.json,487,73bbfe30e91629606230056eda73532522995b29deff3559a18c61f3f4e53a0c
13-历史组网运行/isolated-ai-composed-21/inputs/process-gap-set.json,486,e515231406e5cc504e511d3093fd3100e1f64e7c4e5dcc632dbe8b96b0fae965
13-历史组网运行/isolated-ai-composed-21/inputs/quality-ledger.csv,5280,79a9c4f07b4e5ec3dbf88c17cc3d5ca338244d025ac9411be6e1a2f5cb46f3bf
13-历史组网运行/isolated-ai-composed-21/inputs/remedy.json,631,d076c88353ea160ea4df1858447908127fb0dc0086148c2f57516b8a1fb1130d
13-历史组网运行/isolated-ai-composed-21/inputs/rules.json,4943,7c3236ce3875131f82d39a90548698faa5926aad0449d9249c1b6f48ae3edc55
13-历史组网运行/isolated-ai-composed-21/inputs/tag-query.json,251,2dd8c29d814582373412ef3a7b0864b638a2c26154448d1308403ad38015e357
13-历史组网运行/isolated-ai-composed-34/chains/plan-ai-fund-fraud-34/asset-check-001/output-asset-result-85d408a9a9382187.json,473,85d408a9a938218779381555120a55cd1dbffbff34334e93acbe73328f522035
13-历史组网运行/isolated-ai-composed-34/chains/plan-ai-fund-fraud-34/audit-log-001/output-audit-log-set-3782d9454d927376.json,735,3782d9454d92737636a34d7452e28b1931b5aecab2648879afb7c2fb3bcafede
13-历史组网运行/isolated-ai-composed-34/chains/plan-ai-fund-fraud-34/auditee-feedback-001/output-feedback-set-3d7355a15f83c75b.json,6387,3d7355a15f83c75bb788a0ce6dbba9155d37f971cdda9e553190098c489ec9f9
13-历史组网运行/isolated-ai-composed-34/chains/plan-ai-fund-fraud-34/confirm-letter-001/output-confirm-result-74b01a21a00e76fb.json,726,74b01a21a00e76fbbda1ff9896af177afe1e34c6fee4bece4da088c27000bd33
13-历史组网运行/isolated-ai-composed-34/chains/plan-ai-fund-fraud-34/cross-dept-inquiry-001/output-inquiry-result-0a29a2f8d5780b8f.json,1000,0a29a2f8d5780b8fe2364faff217ddc862b3d42c73470cc88287148a3e3ca622
13-历史组网运行/isolated-ai-composed-34/chains/plan-ai-fund-fraud-34/evidence-photo-001/output-photo-evidence-547572e93566f80e.json,846,547572e93566f80ea22b2eda50c99be7a64bbc33a56d75c32b9b78f90fc486de
13-历史组网运行/isolated-ai-composed-34/chains/plan-ai-fund-fraud-34/evidence-verify-001/output-evidence-verdict-a57d88ab7d2abcf9.json,605,a57d88ab7d2abcf9f4f6c1e6cefe6c4166732452bd6a67096d7054a7a2cef06c
13-历史组网运行/isolated-ai-composed-34/chains/plan-ai-fund-fraud-34/extension-approve-001/output-extension-decision-53baf051c743b358.json,642,53baf051c743b3580c05a9d1d4b00a45f0a92692562c19d2492d71ddfc348ed1
13-历史组网运行/isolated-ai-composed-34/chains/plan-ai-fund-fraud-34/finance-anomaly-alert-001/output-finance-anomaly-set-84f13a7697c37159.json,5037,84f13a7697c37159505746dcc1892a8f09f37d5cb93e7e00632b3e11164c297d
13-历史组网运行/isolated-ai-composed-34/chains/plan-ai-fund-fraud-34/finance-clean-001/output-clean-finance-set-e5b3c6fb99105af8.json,17620,e5b3c6fb99105af8c306ce9231530948faf0864c266e5470b514e042f10e0108
13-历史组网运行/isolated-ai-composed-34/chains/plan-ai-fund-fraud-34/interview-record-001/output-interview-note-28633ea0c0e2693f.json,575,28633ea0c0e2693ffc3a957f391530caeb916d3a377007597bb7ab8cca4f7021
13-历史组网运行/isolated-ai-composed-34/chains/plan-ai-fund-fraud-34/inventory-count-001/output-inventory-result-2bbfbe552f689333.json,437,2bbfbe552f68933322f732f677143a68fa1e5d30b80c19278d5bc0be03c487a9
13-历史组网运行/isolated-ai-composed-34/chains/plan-ai-fund-fraud-34/issue-amount-compute-001/output-issue-amount-28d30253ca3801e5.json,4256,28d30253ca3801e5a4ecc4366d49dae9d78ae0e6f8cf2f1145813d91c21a82ac
13-历史组网运行/isolated-ai-composed-34/chains/plan-ai-fund-fraud-34/issue-desc-write-001/output-issue-desc-d86cd007e3b98c1a.json,3728,d86cd007e3b98c1a759f24d3dcba97aae2b9f5e04f6fae84ac675abee47d2d70
13-历史组网运行/isolated-ai-composed-34/chains/plan-ai-fund-fraud-34/issue-final-review-001/output-final-issue-set-eb21c1f7785cff78.json,6705,eb21c1f7785cff78ad15b53c46befe962b08be7379a5eb2cd2d1b7b49ac26b9b
13-历史组网运行/isolated-ai-composed-34/chains/plan-ai-fund-fraud-34/issue-grade-001/output-graded-issue-31818993fda5d3c1.json,5077,31818993fda5d3c129556bf3b58f9cb95c536ad6eec42422e306fb2511497f8f
13-历史组网运行/isolated-ai-composed-34/chains/plan-ai-fund-fraud-34/issue-type-judge-001/output-issue-type-set-248791398809fa12.json,3522,248791398809fa1291f5c4be62cbb77b308dd9f4bbe2947fd6745e4e2bf6fa9c
13-历史组网运行/isolated-ai-composed-34/chains/plan-ai-fund-fraud-34/meeting-minutes-001/output-meeting-minutes-6a077aae3a5e7068.json,529,6a077aae3a5e7068b53125bf0f516d38d0a6125fabdbd492c1e9c31ec653e870
13-历史组网运行/isolated-ai-composed-34/chains/plan-ai-fund-fraud-34/metric-compute-001/output-metric-output-37aeac719badac58.json,1170,37aeac719badac58ff03517a3fe62379fa44bec5e1c0bc547145062f7ef8bc8e
13-历史组网运行/isolated-ai-composed-34/chains/plan-ai-fund-fraud-34/nlp-process-001/output-nlp-output-71bdf7a6d5487cd3.json,522,71bdf7a6d5487cd38fdda58a3a272c5a35daccdf5ff2be69c1e29f195f89f6b3
13-历史组网运行/isolated-ai-composed-34/chains/plan-ai-fund-fraud-34/ocr-extract-001/output-ocr-text-cd10049287444816.json,361,cd10049287444816dff5397898661a632402d574dd788327143908fc1430569d
13-历史组网运行/isolated-ai-composed-34/chains/plan-ai-fund-fraud-34/progress-report-001/output-progress-daily-77608c0f97851dd2.json,234,77608c0f97851dd2d5fff6c6705676438e681a865b404c1d73bfb1be8c37cf02
13-历史组网运行/isolated-ai-composed-34/chains/plan-ai-fund-fraud-34/quality-check-001/output-quality-report-4bdfe153cbde541a.json,1141,4bdfe153cbde541a50daa10de4ba46dae9a70ef72ae9da25cf2b8219ee750e36
13-历史组网运行/isolated-ai-composed-34/chains/plan-ai-fund-fraud-34/remedy-progress-track-001/output-remedy-progress-17b5a7543b44f320.json,599,17b5a7543b44f320ae9fa1bfe698709e8b07c6086ec95453e25eae9e9b910707
13-历史组网运行/isolated-ai-composed-34/chains/plan-ai-fund-fraud-34/responsible-party-find-001/output-responsible-party-40e2f041b9933b62.json,5558,40e2f041b9933b620dc33708173b670db67be5483f6fe82642411af8613b68bf
13-历史组网运行/isolated-ai-composed-34/chains/plan-ai-fund-fraud-34/risk-matrix-build-001/output-risk-matrix-05f4cfd5035c4827.json,7691,05f4cfd5035c482775a932f95656cd161723d750a5f5487c3fa6da78cbb5c4d3
13-历史组网运行/isolated-ai-composed-34/chains/plan-ai-fund-fraud-34/rule-engine-001/output-rule-evaluation-3b2456a4180bc79b.json,535,3b2456a4180bc79bfaeba0d75ce7e25ca29ef86b21841f4c53eb22c432b8f207
13-历史组网运行/isolated-ai-composed-34/chains/plan-ai-fund-fraud-34/site-checkin-track-001/output-checkin-log-accf2f740c9562fe.json,271,accf2f740c9562fe31257d33bfd25dfad8244ad695a803e34569f2dfb09c8a86
13-历史组网运行/isolated-ai-composed-34/chains/plan-ai-fund-fraud-34/suspicion-flag-001/output-suspicion-set-263de00cc9690c06.json,697,263de00cc9690c065c19d2e319a3109cf6ce5bf552aec4b86a0b69e84f0cecdd
13-历史组网运行/isolated-ai-composed-34/chains/plan-ai-fund-fraud-34/suspicion-merge-001/output-merged-suspicion-3080a72ab8568f9f.json,3059,3080a72ab8568f9fdf81d796f96356aaa5f667e3c7d4232365c1265e805f2e69
13-历史组网运行/isolated-ai-composed-34/chains/plan-ai-fund-fraud-34/tag-manage-001/output-tag-tree-9f02df2e70e47e2c.json,473,9f02df2e70e47e2c3e353b24d86b4d71f0e07eed70107af09a4f1a68cd7d1d64
13-历史组网运行/isolated-ai-composed-34/chains/plan-ai-fund-fraud-34/violation-clause-match-001/output-violation-clause-81889837d75fbc0d.json,4902,81889837d75fbc0d4f2f89193bb926fe2d5e35772bdc6ff63742479c71c151d4
13-历史组网运行/isolated-ai-composed-34/chains/plan-ai-fund-fraud-34/voucher-drilldown-001/output-voucher-chain-ab6ecd8247bcb193.json,10891,ab6ecd8247bcb1937c074cd629c9a4a8c80884dea841be89d08759a1f7854a8d
13-历史组网运行/isolated-ai-composed-34/chains/plan-ai-fund-fraud-34/workpaper-build-001/output-workpaper-draft-18b9ee6829fce2ef.json,1247,18b9ee6829fce2ef67c3927442903d94262f69711698f1f08accfc4164eca03c
13-历史组网运行/isolated-ai-composed-34/chains/plan-ai-fund-fraud-34/workpaper-build-001/output-workpaper-draft-70ca8798acc0ee60.json,1247,70ca8798acc0ee609b08fa6d582955a5e191045883f810585680e6605de672d3
13-历史组网运行/isolated-ai-composed-34/chains/plan-ai-fund-fraud-34/workpaper-build-001/output-workpaper-draft-75a70b92f9c29dec.json,1247,75a70b92f9c29decab73e7f390a69e45da5f6c8d33426a17e24e33f4a3735199
13-历史组网运行/isolated-ai-composed-34/chains/plan-ai-fund-fraud-34/workpaper-build-001/output-workpaper-draft-97eec017eb58efa2.json,1247,97eec017eb58efa24872b4a027e3feecad6e6eef13eaacede01ab24ec7ae20c6
13-历史组网运行/isolated-ai-composed-34/inputs/assets.json,202,4cbca1875e354c015527fd32a0a2a52ae33d474c929304bb51a15d484903806c
13-历史组网运行/isolated-ai-composed-34/inputs/budget.json,215,f008657f11dc228fc00c28412e4862774e689db16f059167baaf87dc79875c4b
13-历史组网运行/isolated-ai-composed-34/inputs/checkins.json,350,e448659497161535bd726f2e63714123fbd24113131ebaabebd42436ea8ac6ec
13-历史组网运行/isolated-ai-composed-34/inputs/confirmations.json,221,f53bf398a99255b910faf9a5c1e5f9c67062491223c64bae939dd7cfae264c52
13-历史组网运行/isolated-ai-composed-34/inputs/extension.json,147,88b85d8cde51d1a508b836eda04cf27115c045852fae288740974271110237c4
13-历史组网运行/isolated-ai-composed-34/inputs/field.json,537,98f13e43f89680ed0babd87380765a0ff853fc5c9f2096c2ed6ef7f54062f5ec
13-历史组网运行/isolated-ai-composed-34/inputs/fraud-risk-set.json,485,6ba0039bdc9e1db9dec9b4b594692c98086148a775a88c903ca33bddc8127ba4
13-历史组网运行/isolated-ai-composed-34/inputs/ic-risk-set.json,473,2d466cbe09f04908801d745054ff6a62287e1e2ea8d915780985829851529941
13-历史组网运行/isolated-ai-composed-34/inputs/industry-risk-set.json,492,76d377bcabff75ecfb54603e81e9f43794f187c32088bbb62615a30bd18e4535
13-历史组网运行/isolated-ai-composed-34/inputs/inquiries.json,219,7021c66cb51bfd2bd34133003d7b4fdd4b60476f8ded799f1ad2036ca4e9b72c
13-历史组网运行/isolated-ai-composed-34/inputs/interviews.json,330,65c5f77b2362153d34794f56278b9bea9781fc179e50be91384ef66d088af529
13-历史组网运行/isolated-ai-composed-34/inputs/inventory.json,169,6673c26ac9b8db48f1c07172618b0531f4894b403924822ec795abed8daf0a72
13-历史组网运行/isolated-ai-composed-34/inputs/invoice-scan.txt,42,39116e923fa1ab516bd3f279826bda2f0a925ca995a59abbcebe5e031d717cc6
13-历史组网运行/isolated-ai-composed-34/inputs/ledger.csv,5280,79a9c4f07b4e5ec3dbf88c17cc3d5ca338244d025ac9411be6e1a2f5cb46f3bf
13-历史组网运行/isolated-ai-composed-34/inputs/lineage.json,493,0fadb06d74e6e881267c1a30be277f050b5fddcb8ba609e47895c3f7527699f6
13-历史组网运行/isolated-ai-composed-34/inputs/log-events.json,306,eb94d733e7485dfe3d4fb5ad0159ed1b093cf404e1e2cecf2c13810cfa8756d5
13-历史组网运行/isolated-ai-composed-34/inputs/master.json,559,a330fe5e662c168d99b8504d72651d59bacf90f3bbd73bd123e0d537743f0dac
13-历史组网运行/isolated-ai-composed-34/inputs/meeting.json,251,13122ecb5f49331453f2ee038b396969f4beed07e1713c990f2dc4fda4fe26f2
13-历史组网运行/isolated-ai-composed-34/inputs/metric-ledger.csv,5280,79a9c4f07b4e5ec3dbf88c17cc3d5ca338244d025ac9411be6e1a2f5cb46f3bf
13-历史组网运行/isolated-ai-composed-34/inputs/nlp.json,152,870e4d26ab83ef4951e9e43a57891335524ac95191bf8307ba86631831227133
13-历史组网运行/isolated-ai-composed-34/inputs/photos.json,437,a7720a2c3f2d09cb05929ce4105268f2775d87f9a05d0861396b2028ad5ade6f
13-历史组网运行/isolated-ai-composed-34/inputs/policy-risk-set.json,487,73bbfe30e91629606230056eda73532522995b29deff3559a18c61f3f4e53a0c
13-历史组网运行/isolated-ai-composed-34/inputs/process-gap-set.json,486,e515231406e5cc504e511d3093fd3100e1f64e7c4e5dcc632dbe8b96b0fae965
13-历史组网运行/isolated-ai-composed-34/inputs/program-template.json,257,271a0b8bf60987def7ba7483e442bb4e3b6de788a6baa714e538aed5305d7ba3
13-历史组网运行/isolated-ai-composed-34/inputs/quality-ledger.csv,5280,79a9c4f07b4e5ec3dbf88c17cc3d5ca338244d025ac9411be6e1a2f5cb46f3bf
13-历史组网运行/isolated-ai-composed-34/inputs/remedy.json,631,d076c88353ea160ea4df1858447908127fb0dc0086148c2f57516b8a1fb1130d
13-历史组网运行/isolated-ai-composed-34/inputs/rules.json,4943,7c3236ce3875131f82d39a90548698faa5926aad0449d9249c1b6f48ae3edc55
13-历史组网运行/isolated-ai-composed-34/inputs/sample-size.json,213,b7c97348bcea1aeb25ca1124213539fecfb1cf1814d019c4445becf73d97e3ab
13-历史组网运行/isolated-ai-composed-34/inputs/tag-query.json,251,2dd8c29d814582373412ef3a7b0864b638a2c26154448d1308403ad38015e357
13-历史组网运行/isolated-ai-composed-53/chains/plan-ai-fund-fraud-53/annual-plan-build-001/output-annual-plan-be9f709ceabef85f.json,379,be9f709ceabef85f4a494e98ee90e6735bc2553d55968344e67fd9e93cbd095f
13-历史组网运行/isolated-ai-composed-53/chains/plan-ai-fund-fraud-53/annual-propose-001/output-proposal-set-b3680e513232c205.json,600,b3680e513232c205dd657a21ed8b6c711a687229b528214fb2599d61fcca21e7
13-历史组网运行/isolated-ai-composed-53/chains/plan-ai-fund-fraud-53/asset-check-001/output-asset-result-85d408a9a9382187.json,473,85d408a9a938218779381555120a55cd1dbffbff34334e93acbe73328f522035
13-历史组网运行/isolated-ai-composed-53/chains/plan-ai-fund-fraud-53/audit-log-001/output-audit-log-set-3782d9454d927376.json,735,3782d9454d92737636a34d7452e28b1931b5aecab2648879afb7c2fb3bcafede
13-历史组网运行/isolated-ai-composed-53/chains/plan-ai-fund-fraud-53/auditee-feedback-001/output-feedback-set-3d7355a15f83c75b.json,6387,3d7355a15f83c75bb788a0ce6dbba9155d37f971cdda9e553190098c489ec9f9
13-历史组网运行/isolated-ai-composed-53/chains/plan-ai-fund-fraud-53/confirm-letter-001/output-confirm-result-74b01a21a00e76fb.json,726,74b01a21a00e76fbbda1ff9896af177afe1e34c6fee4bece4da088c27000bd33
13-历史组网运行/isolated-ai-composed-53/chains/plan-ai-fund-fraud-53/cross-dept-inquiry-001/output-inquiry-result-0a29a2f8d5780b8f.json,1000,0a29a2f8d5780b8fe2364faff217ddc862b3d42c73470cc88287148a3e3ca622
13-历史组网运行/isolated-ai-composed-53/chains/plan-ai-fund-fraud-53/demand-collect-001/output-demand-set-87b4c984596d7ef7.json,780,87b4c984596d7ef759e8852cb5901b6217aa69a9c5bbd780385ea6b289f98d6f
13-历史组网运行/isolated-ai-composed-53/chains/plan-ai-fund-fraud-53/effort-budget-001/output-effort-budget-136ffa919e8373c3.json,237,136ffa919e8373c387111a8f0e944b0211011d86cf9c5ef30c41778cff7eeb38
13-历史组网运行/isolated-ai-composed-53/chains/plan-ai-fund-fraud-53/evidence-photo-001/output-photo-evidence-bd37fd00d4472d19.json,846,bd37fd00d4472d19dd388cbf1d313029086cecfab5a812568ae71098878fea02
13-历史组网运行/isolated-ai-composed-53/chains/plan-ai-fund-fraud-53/evidence-verify-001/output-evidence-verdict-a57d88ab7d2abcf9.json,605,a57d88ab7d2abcf9f4f6c1e6cefe6c4166732452bd6a67096d7054a7a2cef06c
13-历史组网运行/isolated-ai-composed-53/chains/plan-ai-fund-fraud-53/extension-approve-001/output-extension-decision-53baf051c743b358.json,642,53baf051c743b3580c05a9d1d4b00a45f0a92692562c19d2492d71ddfc348ed1
13-历史组网运行/isolated-ai-composed-53/chains/plan-ai-fund-fraud-53/finance-anomaly-alert-001/output-finance-anomaly-set-84f13a7697c37159.json,5037,84f13a7697c37159505746dcc1892a8f09f37d5cb93e7e00632b3e11164c297d
13-历史组网运行/isolated-ai-composed-53/chains/plan-ai-fund-fraud-53/finance-clean-001/output-clean-finance-set-e5b3c6fb99105af8.json,17620,e5b3c6fb99105af8c306ce9231530948faf0864c266e5470b514e042f10e0108
13-历史组网运行/isolated-ai-composed-53/chains/plan-ai-fund-fraud-53/interview-record-001/output-interview-note-28633ea0c0e2693f.json,575,28633ea0c0e2693ffc3a957f391530caeb916d3a377007597bb7ab8cca4f7021
13-历史组网运行/isolated-ai-composed-53/chains/plan-ai-fund-fraud-53/inventory-count-001/output-inventory-result-2bbfbe552f689333.json,437,2bbfbe552f68933322f732f677143a68fa1e5d30b80c19278d5bc0be03c487a9
13-历史组网运行/isolated-ai-composed-53/chains/plan-ai-fund-fraud-53/issue-amount-compute-001/output-issue-amount-28d30253ca3801e5.json,4256,28d30253ca3801e5a4ecc4366d49dae9d78ae0e6f8cf2f1145813d91c21a82ac
13-历史组网运行/isolated-ai-composed-53/chains/plan-ai-fund-fraud-53/issue-desc-write-001/output-issue-desc-d86cd007e3b98c1a.json,3728,d86cd007e3b98c1a759f24d3dcba97aae2b9f5e04f6fae84ac675abee47d2d70
13-历史组网运行/isolated-ai-composed-53/chains/plan-ai-fund-fraud-53/issue-final-review-001/output-final-issue-set-eb21c1f7785cff78.json,6705,eb21c1f7785cff78ad15b53c46befe962b08be7379a5eb2cd2d1b7b49ac26b9b
13-历史组网运行/isolated-ai-composed-53/chains/plan-ai-fund-fraud-53/issue-grade-001/output-graded-issue-31818993fda5d3c1.json,5077,31818993fda5d3c129556bf3b58f9cb95c536ad6eec42422e306fb2511497f8f
13-历史组网运行/isolated-ai-composed-53/chains/plan-ai-fund-fraud-53/issue-type-judge-001/output-issue-type-set-248791398809fa12.json,3522,248791398809fa1291f5c4be62cbb77b308dd9f4bbe2947fd6745e4e2bf6fa9c
13-历史组网运行/isolated-ai-composed-53/chains/plan-ai-fund-fraud-53/material-precheck-001/output-precheck-report-62c5d539d942bf8f.json,638,62c5d539d942bf8f2538a5854607a1e320b770e90f70b93e694686d5684bd75c
13-历史组网运行/isolated-ai-composed-53/chains/plan-ai-fund-fraud-53/material-submit-001/output-submitted-material-61ee059a5d28d542.json,750,61ee059a5d28d542738328fd58cc93851f668379bedeb1b32e81ff19c4372055
13-历史组网运行/isolated-ai-composed-53/chains/plan-ai-fund-fraud-53/meeting-minutes-001/output-meeting-minutes-6a077aae3a5e7068.json,529,6a077aae3a5e7068b53125bf0f516d38d0a6125fabdbd492c1e9c31ec653e870
13-历史组网运行/isolated-ai-composed-53/chains/plan-ai-fund-fraud-53/metric-compute-001/output-metric-output-eac7551b1c2e3aab.json,1170,eac7551b1c2e3aab710cc9390c642018f826bf200816daf180d325ffa39c6e71
13-历史组网运行/isolated-ai-composed-53/chains/plan-ai-fund-fraud-53/nlp-process-001/output-nlp-output-e98f7e926078d35b.json,522,e98f7e926078d35b5088c12be55167505956fa3ff845a6032d4c4762eda3491c
13-历史组网运行/isolated-ai-composed-53/chains/plan-ai-fund-fraud-53/notice-generate-001/output-audit-notice-012e4e30bfb32e90.json,366,012e4e30bfb32e9037f4eecf39d93628736148d8cc3e129ed55a4c7d881de19c
13-历史组网运行/isolated-ai-composed-53/chains/plan-ai-fund-fraud-53/ocr-extract-001/output-ocr-text-63596923e6a91055.json,361,63596923e6a91055d7dead1156438ae19cb11076dc006d3f52d91d91571f1266
13-历史组网运行/isolated-ai-composed-53/chains/plan-ai-fund-fraud-53/plan-version-control-001/output-plan-version-3d268db6109b8da6.json,619,3d268db6109b8da6795048d232a0dc65bf2fafc3198e8ec0882bf28bd061d354
13-历史组网运行/isolated-ai-composed-53/chains/plan-ai-fund-fraud-53/priority-rank-001/output-priority-order-70f2f100f217c324.json,281,70f2f100f217c32495679bcb2bf3b477205a859616bf8a1d53ea7c5aa1ca1bcc
13-历史组网运行/isolated-ai-composed-53/chains/plan-ai-fund-fraud-53/program-template-match-001/output-program-template-0a9345eef84ed873.json,610,0a9345eef84ed8732c89e1454f4c1f11afe9af0323e04b2d996d42aa5ae3c365
13-历史组网运行/isolated-ai-composed-53/chains/plan-ai-fund-fraud-53/progress-report-001/output-progress-daily-0d617d5f4cfa6210.json,227,0d617d5f4cfa6210f882080744efafb8b80a1423cbc425aafc564d8966f8c841
13-历史组网运行/isolated-ai-composed-53/chains/plan-ai-fund-fraud-53/project-library-001/output-project-snapshot-74403cf3b347369d.json,465,74403cf3b347369dbdaefdb8da95b1d1eea76796a5c4c14b726bcadfc1de3bfe
13-历史组网运行/isolated-ai-composed-53/chains/plan-ai-fund-fraud-53/project-scheme-build-001/output-project-scheme-777796fa146f5128.json,489,777796fa146f512848696e7563d8ad8d407c26bd36268c4f4dd976deb541ec47
13-历史组网运行/isolated-ai-composed-53/chains/plan-ai-fund-fraud-53/proposal-score-001/output-scored-proposal-b8e66b9a2197141e.json,282,b8e66b9a2197141e97fd0e28e0b83673baf8d1210d4aa4364c194c2fba02c623
13-历史组网运行/isolated-ai-composed-53/chains/plan-ai-fund-fraud-53/quality-check-001/output-quality-report-4bdfe153cbde541a.json,1141,4bdfe153cbde541a50daa10de4ba46dae9a70ef72ae9da25cf2b8219ee750e36
13-历史组网运行/isolated-ai-composed-53/chains/plan-ai-fund-fraud-53/remedy-progress-track-001/output-remedy-progress-17b5a7543b44f320.json,599,17b5a7543b44f320ae9fa1bfe698709e8b07c6086ec95453e25eae9e9b910707
13-历史组网运行/isolated-ai-composed-53/chains/plan-ai-fund-fraud-53/resource-conflict-detect-001/output-conflict-alert-44cc9887b84a6785.json,385,44cc9887b84a678505c76673a8e75545c14f6a137d6800a5502dc26fc5d3b025
13-历史组网运行/isolated-ai-composed-53/chains/plan-ai-fund-fraud-53/responsible-party-find-001/output-responsible-party-40e2f041b9933b62.json,5558,40e2f041b9933b620dc33708173b670db67be5483f6fe82642411af8613b68bf
13-历史组网运行/isolated-ai-composed-53/chains/plan-ai-fund-fraud-53/risk-matrix-build-001/output-risk-matrix-05f4cfd5035c4827.json,7691,05f4cfd5035c482775a932f95656cd161723d750a5f5487c3fa6da78cbb5c4d3
13-历史组网运行/isolated-ai-composed-53/chains/plan-ai-fund-fraud-53/rule-engine-001/output-rule-evaluation-3b2456a4180bc79b.json,535,3b2456a4180bc79bfaeba0d75ce7e25ca29ef86b21841f4c53eb22c432b8f207
13-历史组网运行/isolated-ai-composed-53/chains/plan-ai-fund-fraud-53/sample-size-compute-001/output-sample-size-6078e9cef44ea7f9.json,223,6078e9cef44ea7f9811916628a81b2aef969fa4789f6caf01a55d6cdd89e5b7a
13-历史组网运行/isolated-ai-composed-53/chains/plan-ai-fund-fraud-53/sampling-select-001/output-sampling-plan-7d654f273bbdd7a2.json,388,7d654f273bbdd7a2951b64a6663f99562967ce60401fb28377417abf982ef905
13-历史组网运行/isolated-ai-composed-53/chains/plan-ai-fund-fraud-53/site-checkin-track-001/output-checkin-log-accf2f740c9562fe.json,271,accf2f740c9562fe31257d33bfd25dfad8244ad695a803e34569f2dfb09c8a86
13-历史组网运行/isolated-ai-composed-53/chains/plan-ai-fund-fraud-53/staff-schedule-001/output-schedule-plan-94d3d490ca5b966e.json,1987,94d3d490ca5b966e0efe0100f82db64f10cff82fc17b2b2c41cb6119d587d415
13-历史组网运行/isolated-ai-composed-53/chains/plan-ai-fund-fraud-53/strategy-align-001/output-aligned-demand-efb7c446d566d88d.json,1040,efb7c446d566d88ddcfa73e041124624a7e802c91871eeac3246e680c13eaff4
13-历史组网运行/isolated-ai-composed-53/chains/plan-ai-fund-fraud-53/suspicion-flag-001/output-suspicion-set-263de00cc9690c06.json,697,263de00cc9690c065c19d2e319a3109cf6ce5bf552aec4b86a0b69e84f0cecdd
13-历史组网运行/isolated-ai-composed-53/chains/plan-ai-fund-fraud-53/suspicion-merge-001/output-merged-suspicion-3080a72ab8568f9f.json,3059,3080a72ab8568f9fdf81d796f96356aaa5f667e3c7d4232365c1265e805f2e69
13-历史组网运行/isolated-ai-composed-53/chains/plan-ai-fund-fraud-53/tag-manage-001/output-tag-tree-9f02df2e70e47e2c.json,473,9f02df2e70e47e2c3e353b24d86b4d71f0e07eed70107af09a4f1a68cd7d1d64
13-历史组网运行/isolated-ai-composed-53/chains/plan-ai-fund-fraud-53/team-forming-001/output-team-scheme-710f373f182754ee.json,965,710f373f182754eebcb955e2a453f1a778d7ece8f0b5f26b9dd67d0590b95b0d
13-历史组网运行/isolated-ai-composed-53/chains/plan-ai-fund-fraud-53/violation-clause-match-001/output-violation-clause-81889837d75fbc0d.json,4902,81889837d75fbc0d4f2f89193bb926fe2d5e35772bdc6ff63742479c71c151d4
13-历史组网运行/isolated-ai-composed-53/chains/plan-ai-fund-fraud-53/voucher-drilldown-001/output-voucher-chain-20e98db2ebf661e2.json,10891,20e98db2ebf661e214355ba1bca6b73ed89d7f7a99bcd711f246e2f3cfb60526
13-历史组网运行/isolated-ai-composed-53/chains/plan-ai-fund-fraud-53/workpaper-build-001/output-workpaper-draft-0777a48edf04b4bb.json,1876,0777a48edf04b4bbe8102b7ae00bfca415b759b7227a4327fac260bf25a23f59
13-历史组网运行/isolated-ai-composed-53/chains/plan-ai-fund-fraud-53/workpaper-build-001/output-workpaper-draft-111d27206f55c597.json,1876,111d27206f55c597ab4a4a9b786eeb2a1645b87e6dbbb21754ef9ee144f79226
13-历史组网运行/isolated-ai-composed-53/chains/plan-ai-fund-fraud-53/workpaper-build-001/output-workpaper-draft-2b3a9324b817a12e.json,1876,2b3a9324b817a12e16d966724fe5378e2295a18f522fd33104be41d8e1991ef3
13-历史组网运行/isolated-ai-composed-53/chains/plan-ai-fund-fraud-53/workpaper-build-001/output-workpaper-draft-a2c8f6d90f0adf34.json,1876,a2c8f6d90f0adf347413a11aaecea819ccee5001c41065964e0ceda5b03966b9
13-历史组网运行/isolated-ai-composed-53/inputs/assets.json,202,4cbca1875e354c015527fd32a0a2a52ae33d474c929304bb51a15d484903806c
13-历史组网运行/isolated-ai-composed-53/inputs/budget.json,178,138e9579a8f066eee94397ab7867cc0ce293e7d3c9c3d0520050c10b1a128fef
13-历史组网运行/isolated-ai-composed-53/inputs/checkins.json,350,e448659497161535bd726f2e63714123fbd24113131ebaabebd42436ea8ac6ec
13-历史组网运行/isolated-ai-composed-53/inputs/confirmations.json,221,f53bf398a99255b910faf9a5c1e5f9c67062491223c64bae939dd7cfae264c52
13-历史组网运行/isolated-ai-composed-53/inputs/demands.json,455,97c6776be079fffb34a7b467a7842cd5cc80c981b27c2aac2c674d4f4f906a28
13-历史组网运行/isolated-ai-composed-53/inputs/extension.json,147,88b85d8cde51d1a508b836eda04cf27115c045852fae288740974271110237c4
13-历史组网运行/isolated-ai-composed-53/inputs/field.json,537,98f13e43f89680ed0babd87380765a0ff853fc5c9f2096c2ed6ef7f54062f5ec
13-历史组网运行/isolated-ai-composed-53/inputs/fraud-risk-set.json,485,6ba0039bdc9e1db9dec9b4b594692c98086148a775a88c903ca33bddc8127ba4
13-历史组网运行/isolated-ai-composed-53/inputs/high-risk.json,321,aaea32606352eb7b5e17ddb1bc07b7d485a74924add78ba1f2dc9fb9091827a2
13-历史组网运行/isolated-ai-composed-53/inputs/ic-risk-set.json,473,2d466cbe09f04908801d745054ff6a62287e1e2ea8d915780985829851529941
13-历史组网运行/isolated-ai-composed-53/inputs/industry-risk-set.json,492,76d377bcabff75ecfb54603e81e9f43794f187c32088bbb62615a30bd18e4535
13-历史组网运行/isolated-ai-composed-53/inputs/inquiries.json,219,7021c66cb51bfd2bd34133003d7b4fdd4b60476f8ded799f1ad2036ca4e9b72c
13-历史组网运行/isolated-ai-composed-53/inputs/interviews.json,330,65c5f77b2362153d34794f56278b9bea9781fc179e50be91384ef66d088af529
13-历史组网运行/isolated-ai-composed-53/inputs/inventory.json,169,6673c26ac9b8db48f1c07172618b0531f4894b403924822ec795abed8daf0a72
13-历史组网运行/isolated-ai-composed-53/inputs/invoice-scan.txt,42,39116e923fa1ab516bd3f279826bda2f0a925ca995a59abbcebe5e031d717cc6
13-历史组网运行/isolated-ai-composed-53/inputs/ledger.csv,5280,79a9c4f07b4e5ec3dbf88c17cc3d5ca338244d025ac9411be6e1a2f5cb46f3bf
13-历史组网运行/isolated-ai-composed-53/inputs/lineage.json,493,0fadb06d74e6e881267c1a30be277f050b5fddcb8ba609e47895c3f7527699f6
13-历史组网运行/isolated-ai-composed-53/inputs/log-events.json,306,eb94d733e7485dfe3d4fb5ad0159ed1b093cf404e1e2cecf2c13810cfa8756d5
13-历史组网运行/isolated-ai-composed-53/inputs/master.json,559,a330fe5e662c168d99b8504d72651d59bacf90f3bbd73bd123e0d537743f0dac
13-历史组网运行/isolated-ai-composed-53/inputs/meeting.json,251,13122ecb5f49331453f2ee038b396969f4beed07e1713c990f2dc4fda4fe26f2
13-历史组网运行/isolated-ai-composed-53/inputs/metric-ledger.csv,5280,79a9c4f07b4e5ec3dbf88c17cc3d5ca338244d025ac9411be6e1a2f5cb46f3bf
13-历史组网运行/isolated-ai-composed-53/inputs/nlp.json,152,870e4d26ab83ef4951e9e43a57891335524ac95191bf8307ba86631831227133
13-历史组网运行/isolated-ai-composed-53/inputs/photos.json,437,a7720a2c3f2d09cb05929ce4105268f2775d87f9a05d0861396b2028ad5ade6f
13-历史组网运行/isolated-ai-composed-53/inputs/plan-changes.json,196,dab71ea879f76998b31a273331dad2bd46bc29bc1d4fc84b53de57678a72896c
13-历史组网运行/isolated-ai-composed-53/inputs/policy-risk-set.json,487,73bbfe30e91629606230056eda73532522995b29deff3559a18c61f3f4e53a0c
13-历史组网运行/isolated-ai-composed-53/inputs/population.json,187,ed3d7f62dd799c498a42b74faf73fc644397148599b7e37de4fc1f968250d1fc
13-历史组网运行/isolated-ai-composed-53/inputs/process-gap-set.json,486,e515231406e5cc504e511d3093fd3100e1f64e7c4e5dcc632dbe8b96b0fae965
13-历史组网运行/isolated-ai-composed-53/inputs/program-template.json,257,271a0b8bf60987def7ba7483e442bb4e3b6de788a6baa714e538aed5305d7ba3
13-历史组网运行/isolated-ai-composed-53/inputs/quality-ledger.csv,5280,79a9c4f07b4e5ec3dbf88c17cc3d5ca338244d025ac9411be6e1a2f5cb46f3bf
13-历史组网运行/isolated-ai-composed-53/inputs/remedy.json,631,d076c88353ea160ea4df1858447908127fb0dc0086148c2f57516b8a1fb1130d
13-历史组网运行/isolated-ai-composed-53/inputs/risk-advice.json,238,b37597ec149fa0b2c93fbe928ec57167120a74417cf3cc2408b3f9ccf9c2b0a1
13-历史组网运行/isolated-ai-composed-53/inputs/rules.json,4943,7c3236ce3875131f82d39a90548698faa5926aad0449d9249c1b6f48ae3edc55
13-历史组网运行/isolated-ai-composed-53/inputs/sample-size.json,213,b7c97348bcea1aeb25ca1124213539fecfb1cf1814d019c4445becf73d97e3ab
13-历史组网运行/isolated-ai-composed-53/inputs/submitted-units.json,323,396b164e6a70aff68ba993ea24c98a16e10503f5b8bf928864dd2858c6785b94
13-历史组网运行/isolated-ai-composed-53/inputs/tag-query.json,251,2dd8c29d814582373412ef3a7b0864b638a2c26154448d1308403ad38015e357
13-历史组网运行/isolated-ai-composed-62/chains/plan-ai-fund-fraud-53/annual-plan-build-001/output-annual-plan-be9f709ceabef85f.json,379,be9f709ceabef85f4a494e98ee90e6735bc2553d55968344e67fd9e93cbd095f
13-历史组网运行/isolated-ai-composed-62/chains/plan-ai-fund-fraud-53/annual-propose-001/output-proposal-set-b3680e513232c205.json,600,b3680e513232c205dd657a21ed8b6c711a687229b528214fb2599d61fcca21e7
13-历史组网运行/isolated-ai-composed-62/chains/plan-ai-fund-fraud-53/asset-check-001/output-asset-result-85d408a9a9382187.json,473,85d408a9a938218779381555120a55cd1dbffbff34334e93acbe73328f522035
13-历史组网运行/isolated-ai-composed-62/chains/plan-ai-fund-fraud-53/audit-log-001/output-audit-log-set-3782d9454d927376.json,735,3782d9454d92737636a34d7452e28b1931b5aecab2648879afb7c2fb3bcafede
13-历史组网运行/isolated-ai-composed-62/chains/plan-ai-fund-fraud-53/auditee-feedback-001/output-feedback-set-3d7355a15f83c75b.json,6387,3d7355a15f83c75bb788a0ce6dbba9155d37f971cdda9e553190098c489ec9f9
13-历史组网运行/isolated-ai-composed-62/chains/plan-ai-fund-fraud-53/confirm-letter-001/output-confirm-result-74b01a21a00e76fb.json,726,74b01a21a00e76fbbda1ff9896af177afe1e34c6fee4bece4da088c27000bd33
13-历史组网运行/isolated-ai-composed-62/chains/plan-ai-fund-fraud-53/cross-dept-inquiry-001/output-inquiry-result-0a29a2f8d5780b8f.json,1000,0a29a2f8d5780b8fe2364faff217ddc862b3d42c73470cc88287148a3e3ca622
13-历史组网运行/isolated-ai-composed-62/chains/plan-ai-fund-fraud-53/demand-collect-001/output-demand-set-87b4c984596d7ef7.json,780,87b4c984596d7ef759e8852cb5901b6217aa69a9c5bbd780385ea6b289f98d6f
13-历史组网运行/isolated-ai-composed-62/chains/plan-ai-fund-fraud-53/effort-budget-001/output-effort-budget-136ffa919e8373c3.json,237,136ffa919e8373c387111a8f0e944b0211011d86cf9c5ef30c41778cff7eeb38
13-历史组网运行/isolated-ai-composed-62/chains/plan-ai-fund-fraud-53/evidence-photo-001/output-photo-evidence-ce2038836d6fc245.json,846,ce2038836d6fc245b9e9b5b6be49d9278e14be815858a34860e3e4e86ffc1e81
13-历史组网运行/isolated-ai-composed-62/chains/plan-ai-fund-fraud-53/evidence-verify-001/output-evidence-verdict-a57d88ab7d2abcf9.json,605,a57d88ab7d2abcf9f4f6c1e6cefe6c4166732452bd6a67096d7054a7a2cef06c
13-历史组网运行/isolated-ai-composed-62/chains/plan-ai-fund-fraud-53/extension-approve-001/output-extension-decision-53baf051c743b358.json,642,53baf051c743b3580c05a9d1d4b00a45f0a92692562c19d2492d71ddfc348ed1
13-历史组网运行/isolated-ai-composed-62/chains/plan-ai-fund-fraud-53/finance-anomaly-alert-001/output-finance-anomaly-set-84f13a7697c37159.json,5037,84f13a7697c37159505746dcc1892a8f09f37d5cb93e7e00632b3e11164c297d
13-历史组网运行/isolated-ai-composed-62/chains/plan-ai-fund-fraud-53/finance-clean-001/output-clean-finance-set-e5b3c6fb99105af8.json,17620,e5b3c6fb99105af8c306ce9231530948faf0864c266e5470b514e042f10e0108
13-历史组网运行/isolated-ai-composed-62/chains/plan-ai-fund-fraud-53/interview-record-001/output-interview-note-28633ea0c0e2693f.json,575,28633ea0c0e2693ffc3a957f391530caeb916d3a377007597bb7ab8cca4f7021
13-历史组网运行/isolated-ai-composed-62/chains/plan-ai-fund-fraud-53/inventory-count-001/output-inventory-result-2bbfbe552f689333.json,437,2bbfbe552f68933322f732f677143a68fa1e5d30b80c19278d5bc0be03c487a9
13-历史组网运行/isolated-ai-composed-62/chains/plan-ai-fund-fraud-53/issue-amount-compute-001/output-issue-amount-28d30253ca3801e5.json,4256,28d30253ca3801e5a4ecc4366d49dae9d78ae0e6f8cf2f1145813d91c21a82ac
13-历史组网运行/isolated-ai-composed-62/chains/plan-ai-fund-fraud-53/issue-desc-write-001/output-issue-desc-d86cd007e3b98c1a.json,3728,d86cd007e3b98c1a759f24d3dcba97aae2b9f5e04f6fae84ac675abee47d2d70
13-历史组网运行/isolated-ai-composed-62/chains/plan-ai-fund-fraud-53/issue-final-review-001/output-final-issue-set-eb21c1f7785cff78.json,6705,eb21c1f7785cff78ad15b53c46befe962b08be7379a5eb2cd2d1b7b49ac26b9b
13-历史组网运行/isolated-ai-composed-62/chains/plan-ai-fund-fraud-53/issue-grade-001/output-graded-issue-31818993fda5d3c1.json,5077,31818993fda5d3c129556bf3b58f9cb95c536ad6eec42422e306fb2511497f8f
13-历史组网运行/isolated-ai-composed-62/chains/plan-ai-fund-fraud-53/issue-type-judge-001/output-issue-type-set-248791398809fa12.json,3522,248791398809fa1291f5c4be62cbb77b308dd9f4bbe2947fd6745e4e2bf6fa9c
13-历史组网运行/isolated-ai-composed-62/chains/plan-ai-fund-fraud-53/material-precheck-001/output-precheck-report-36e9e4ffc6c008db.json,638,36e9e4ffc6c008db1361e440018ee26e6926667417776a58b0e734ec6f3266fd
13-历史组网运行/isolated-ai-composed-62/chains/plan-ai-fund-fraud-53/material-submit-001/output-submitted-material-95673c5194758378.json,750,95673c51947583787c9a82374e730e207e786d47bd5c33a24d0a5fcc2af04abe
13-历史组网运行/isolated-ai-composed-62/chains/plan-ai-fund-fraud-53/meeting-minutes-001/output-meeting-minutes-6a077aae3a5e7068.json,529,6a077aae3a5e7068b53125bf0f516d38d0a6125fabdbd492c1e9c31ec653e870
13-历史组网运行/isolated-ai-composed-62/chains/plan-ai-fund-fraud-53/metric-compute-001/output-metric-output-227681f93c84de4b.json,1170,227681f93c84de4b4fc9e6c8a4504d14ad7cf51470229898e70e2ec3da0cd68a
13-历史组网运行/isolated-ai-composed-62/chains/plan-ai-fund-fraud-53/nlp-process-001/output-nlp-output-cfa39f941459950d.json,522,cfa39f941459950d5b177c2603a6c6bdba5da48b0dcdeae4a1ec188c77cba802
13-历史组网运行/isolated-ai-composed-62/chains/plan-ai-fund-fraud-53/notice-generate-001/output-audit-notice-012e4e30bfb32e90.json,366,012e4e30bfb32e9037f4eecf39d93628736148d8cc3e129ed55a4c7d881de19c
13-历史组网运行/isolated-ai-composed-62/chains/plan-ai-fund-fraud-53/ocr-extract-001/output-ocr-text-02da0f782daa1d18.json,361,02da0f782daa1d18bcd229b947c693cc8d326412795158752d578ca065995d04
13-历史组网运行/isolated-ai-composed-62/chains/plan-ai-fund-fraud-53/plan-version-control-001/output-plan-version-3d268db6109b8da6.json,619,3d268db6109b8da6795048d232a0dc65bf2fafc3198e8ec0882bf28bd061d354
13-历史组网运行/isolated-ai-composed-62/chains/plan-ai-fund-fraud-53/priority-rank-001/output-priority-order-70f2f100f217c324.json,281,70f2f100f217c32495679bcb2bf3b477205a859616bf8a1d53ea7c5aa1ca1bcc
13-历史组网运行/isolated-ai-composed-62/chains/plan-ai-fund-fraud-53/program-template-match-001/output-program-template-0a9345eef84ed873.json,610,0a9345eef84ed8732c89e1454f4c1f11afe9af0323e04b2d996d42aa5ae3c365
13-历史组网运行/isolated-ai-composed-62/chains/plan-ai-fund-fraud-53/progress-report-001/output-progress-daily-0d617d5f4cfa6210.json,227,0d617d5f4cfa6210f882080744efafb8b80a1423cbc425aafc564d8966f8c841
13-历史组网运行/isolated-ai-composed-62/chains/plan-ai-fund-fraud-53/project-library-001/output-project-snapshot-74403cf3b347369d.json,465,74403cf3b347369dbdaefdb8da95b1d1eea76796a5c4c14b726bcadfc1de3bfe
13-历史组网运行/isolated-ai-composed-62/chains/plan-ai-fund-fraud-53/project-scheme-build-001/output-project-scheme-777796fa146f5128.json,489,777796fa146f512848696e7563d8ad8d407c26bd36268c4f4dd976deb541ec47
13-历史组网运行/isolated-ai-composed-62/chains/plan-ai-fund-fraud-53/proposal-score-001/output-scored-proposal-b8e66b9a2197141e.json,282,b8e66b9a2197141e97fd0e28e0b83673baf8d1210d4aa4364c194c2fba02c623
13-历史组网运行/isolated-ai-composed-62/chains/plan-ai-fund-fraud-53/quality-check-001/output-quality-report-4bdfe153cbde541a.json,1141,4bdfe153cbde541a50daa10de4ba46dae9a70ef72ae9da25cf2b8219ee750e36
13-历史组网运行/isolated-ai-composed-62/chains/plan-ai-fund-fraud-53/remedy-progress-track-001/output-remedy-progress-17b5a7543b44f320.json,599,17b5a7543b44f320ae9fa1bfe698709e8b07c6086ec95453e25eae9e9b910707
13-历史组网运行/isolated-ai-composed-62/chains/plan-ai-fund-fraud-53/resource-conflict-detect-001/output-conflict-alert-44cc9887b84a6785.json,385,44cc9887b84a678505c76673a8e75545c14f6a137d6800a5502dc26fc5d3b025
13-历史组网运行/isolated-ai-composed-62/chains/plan-ai-fund-fraud-53/responsible-party-find-001/output-responsible-party-40e2f041b9933b62.json,5558,40e2f041b9933b620dc33708173b670db67be5483f6fe82642411af8613b68bf
13-历史组网运行/isolated-ai-composed-62/chains/plan-ai-fund-fraud-53/risk-matrix-build-001/output-risk-matrix-05f4cfd5035c4827.json,7691,05f4cfd5035c482775a932f95656cd161723d750a5f5487c3fa6da78cbb5c4d3
13-历史组网运行/isolated-ai-composed-62/chains/plan-ai-fund-fraud-53/rule-engine-001/output-rule-evaluation-3b2456a4180bc79b.json,535,3b2456a4180bc79bfaeba0d75ce7e25ca29ef86b21841f4c53eb22c432b8f207
13-历史组网运行/isolated-ai-composed-62/chains/plan-ai-fund-fraud-53/sample-size-compute-001/output-sample-size-6078e9cef44ea7f9.json,223,6078e9cef44ea7f9811916628a81b2aef969fa4789f6caf01a55d6cdd89e5b7a
13-历史组网运行/isolated-ai-composed-62/chains/plan-ai-fund-fraud-53/sampling-select-001/output-sampling-plan-7d654f273bbdd7a2.json,388,7d654f273bbdd7a2951b64a6663f99562967ce60401fb28377417abf982ef905
13-历史组网运行/isolated-ai-composed-62/chains/plan-ai-fund-fraud-53/site-checkin-track-001/output-checkin-log-accf2f740c9562fe.json,271,accf2f740c9562fe31257d33bfd25dfad8244ad695a803e34569f2dfb09c8a86
13-历史组网运行/isolated-ai-composed-62/chains/plan-ai-fund-fraud-53/staff-schedule-001/output-schedule-plan-94d3d490ca5b966e.json,1987,94d3d490ca5b966e0efe0100f82db64f10cff82fc17b2b2c41cb6119d587d415
13-历史组网运行/isolated-ai-composed-62/chains/plan-ai-fund-fraud-53/strategy-align-001/output-aligned-demand-efb7c446d566d88d.json,1040,efb7c446d566d88ddcfa73e041124624a7e802c91871eeac3246e680c13eaff4
13-历史组网运行/isolated-ai-composed-62/chains/plan-ai-fund-fraud-53/suspicion-flag-001/output-suspicion-set-263de00cc9690c06.json,697,263de00cc9690c065c19d2e319a3109cf6ce5bf552aec4b86a0b69e84f0cecdd
13-历史组网运行/isolated-ai-composed-62/chains/plan-ai-fund-fraud-53/suspicion-merge-001/output-merged-suspicion-3080a72ab8568f9f.json,3059,3080a72ab8568f9fdf81d796f96356aaa5f667e3c7d4232365c1265e805f2e69
13-历史组网运行/isolated-ai-composed-62/chains/plan-ai-fund-fraud-53/tag-manage-001/output-tag-tree-9f02df2e70e47e2c.json,473,9f02df2e70e47e2c3e353b24d86b4d71f0e07eed70107af09a4f1a68cd7d1d64
13-历史组网运行/isolated-ai-composed-62/chains/plan-ai-fund-fraud-53/team-forming-001/output-team-scheme-710f373f182754ee.json,965,710f373f182754eebcb955e2a453f1a778d7ece8f0b5f26b9dd67d0590b95b0d
13-历史组网运行/isolated-ai-composed-62/chains/plan-ai-fund-fraud-53/violation-clause-match-001/output-violation-clause-81889837d75fbc0d.json,4902,81889837d75fbc0d4f2f89193bb926fe2d5e35772bdc6ff63742479c71c151d4
13-历史组网运行/isolated-ai-composed-62/chains/plan-ai-fund-fraud-53/voucher-drilldown-001/output-voucher-chain-e69dd788f7966db4.json,10891,e69dd788f7966db429c938bff868ecf79ef50dd8ae2242554b12f22b650e5308
13-历史组网运行/isolated-ai-composed-62/chains/plan-ai-fund-fraud-53/workpaper-build-001/output-workpaper-draft-b9c4b47b103ac7e7.json,1876,b9c4b47b103ac7e7254600ed3725464b9e4e16aaf8505fd8468eb2e3980cefb8
13-历史组网运行/isolated-ai-composed-62/chains/plan-ai-fund-fraud-62/annual-plan-build-001/output-annual-plan-be9f709ceabef85f.json,379,be9f709ceabef85f4a494e98ee90e6735bc2553d55968344e67fd9e93cbd095f
13-历史组网运行/isolated-ai-composed-62/chains/plan-ai-fund-fraud-62/annual-propose-001/output-proposal-set-b3680e513232c205.json,600,b3680e513232c205dd657a21ed8b6c711a687229b528214fb2599d61fcca21e7
13-历史组网运行/isolated-ai-composed-62/chains/plan-ai-fund-fraud-62/asset-check-001/output-asset-result-85d408a9a9382187.json,473,85d408a9a938218779381555120a55cd1dbffbff34334e93acbe73328f522035
13-历史组网运行/isolated-ai-composed-62/chains/plan-ai-fund-fraud-62/audit-log-001/output-audit-log-set-3782d9454d927376.json,735,3782d9454d92737636a34d7452e28b1931b5aecab2648879afb7c2fb3bcafede
13-历史组网运行/isolated-ai-composed-62/chains/plan-ai-fund-fraud-62/auditee-feedback-001/output-feedback-set-3d7355a15f83c75b.json,6387,3d7355a15f83c75bb788a0ce6dbba9155d37f971cdda9e553190098c489ec9f9
13-历史组网运行/isolated-ai-composed-62/chains/plan-ai-fund-fraud-62/confirm-letter-001/output-confirm-result-74b01a21a00e76fb.json,726,74b01a21a00e76fbbda1ff9896af177afe1e34c6fee4bece4da088c27000bd33
13-历史组网运行/isolated-ai-composed-62/chains/plan-ai-fund-fraud-62/cross-dept-inquiry-001/output-inquiry-result-0a29a2f8d5780b8f.json,1000,0a29a2f8d5780b8fe2364faff217ddc862b3d42c73470cc88287148a3e3ca622
13-历史组网运行/isolated-ai-composed-62/chains/plan-ai-fund-fraud-62/demand-collect-001/output-demand-set-87b4c984596d7ef7.json,780,87b4c984596d7ef759e8852cb5901b6217aa69a9c5bbd780385ea6b289f98d6f
13-历史组网运行/isolated-ai-composed-62/chains/plan-ai-fund-fraud-62/effort-budget-001/output-effort-budget-136ffa919e8373c3.json,237,136ffa919e8373c387111a8f0e944b0211011d86cf9c5ef30c41778cff7eeb38
13-历史组网运行/isolated-ai-composed-62/chains/plan-ai-fund-fraud-62/evidence-photo-001/output-photo-evidence-ce2038836d6fc245.json,846,ce2038836d6fc245b9e9b5b6be49d9278e14be815858a34860e3e4e86ffc1e81
13-历史组网运行/isolated-ai-composed-62/chains/plan-ai-fund-fraud-62/evidence-verify-001/output-evidence-verdict-a57d88ab7d2abcf9.json,605,a57d88ab7d2abcf9f4f6c1e6cefe6c4166732452bd6a67096d7054a7a2cef06c
13-历史组网运行/isolated-ai-composed-62/chains/plan-ai-fund-fraud-62/extension-approve-001/output-extension-decision-53baf051c743b358.json,642,53baf051c743b3580c05a9d1d4b00a45f0a92692562c19d2492d71ddfc348ed1
13-历史组网运行/isolated-ai-composed-62/chains/plan-ai-fund-fraud-62/finance-anomaly-alert-001/output-finance-anomaly-set-84f13a7697c37159.json,5037,84f13a7697c37159505746dcc1892a8f09f37d5cb93e7e00632b3e11164c297d
13-历史组网运行/isolated-ai-composed-62/chains/plan-ai-fund-fraud-62/finance-clean-001/output-clean-finance-set-e5b3c6fb99105af8.json,17620,e5b3c6fb99105af8c306ce9231530948faf0864c266e5470b514e042f10e0108
13-历史组网运行/isolated-ai-composed-62/chains/plan-ai-fund-fraud-62/fraud-risk-match-001/output-fraud-risk-set-6b8f099b114bde5f.json,383,6b8f099b114bde5f9645a106b193238951e6cf7845a3705d6d9e44f1f9a09d6b
13-历史组网运行/isolated-ai-composed-62/chains/plan-ai-fund-fraud-62/high-risk-area-locate-001/output-high-risk-area-b9351b02e6733282.json,2032,b9351b02e6733282936924b60dbae4f8d03f05b9be1065a5eabec53be5fa89d5
13-历史组网运行/isolated-ai-composed-62/chains/plan-ai-fund-fraud-62/industry-risk-benchmark-001/output-industry-risk-set-07359379172e2546.json,515,07359379172e2546b880488c3197571b359e1c65fc7d3a930924bbb80b32fc32
13-历史组网运行/isolated-ai-composed-62/chains/plan-ai-fund-fraud-62/internal-control-risk-map-001/output-ic-risk-set-a0c6a8727d6cfd3f.json,549,a0c6a8727d6cfd3f484950ff6e9fbbac806ca9ef4c011f6c4d158620742308f1
13-历史组网运行/isolated-ai-composed-62/chains/plan-ai-fund-fraud-62/interview-record-001/output-interview-note-28633ea0c0e2693f.json,575,28633ea0c0e2693ffc3a957f391530caeb916d3a377007597bb7ab8cca4f7021
13-历史组网运行/isolated-ai-composed-62/chains/plan-ai-fund-fraud-62/inventory-count-001/output-inventory-result-2bbfbe552f689333.json,437,2bbfbe552f68933322f732f677143a68fa1e5d30b80c19278d5bc0be03c487a9
13-历史组网运行/isolated-ai-composed-62/chains/plan-ai-fund-fraud-62/issue-amount-compute-001/output-issue-amount-28d30253ca3801e5.json,4256,28d30253ca3801e5a4ecc4366d49dae9d78ae0e6f8cf2f1145813d91c21a82ac
13-历史组网运行/isolated-ai-composed-62/chains/plan-ai-fund-fraud-62/issue-desc-write-001/output-issue-desc-d86cd007e3b98c1a.json,3728,d86cd007e3b98c1a759f24d3dcba97aae2b9f5e04f6fae84ac675abee47d2d70
13-历史组网运行/isolated-ai-composed-62/chains/plan-ai-fund-fraud-62/issue-final-review-001/output-final-issue-set-eb21c1f7785cff78.json,6705,eb21c1f7785cff78ad15b53c46befe962b08be7379a5eb2cd2d1b7b49ac26b9b
13-历史组网运行/isolated-ai-composed-62/chains/plan-ai-fund-fraud-62/issue-grade-001/output-graded-issue-31818993fda5d3c1.json,5077,31818993fda5d3c129556bf3b58f9cb95c536ad6eec42422e306fb2511497f8f
13-历史组网运行/isolated-ai-composed-62/chains/plan-ai-fund-fraud-62/issue-type-judge-001/output-issue-type-set-248791398809fa12.json,3522,248791398809fa1291f5c4be62cbb77b308dd9f4bbe2947fd6745e4e2bf6fa9c
13-历史组网运行/isolated-ai-composed-62/chains/plan-ai-fund-fraud-62/macro-policy-risk-scan-001/output-policy-risk-set-4ce68612d0b0f716.json,336,4ce68612d0b0f716a084d20260bc06e4fbac7acf367a44dcfdc2d93295b94925
13-历史组网运行/isolated-ai-composed-62/chains/plan-ai-fund-fraud-62/material-precheck-001/output-precheck-report-36e9e4ffc6c008db.json,638,36e9e4ffc6c008db1361e440018ee26e6926667417776a58b0e734ec6f3266fd
13-历史组网运行/isolated-ai-composed-62/chains/plan-ai-fund-fraud-62/material-submit-001/output-submitted-material-95673c5194758378.json,750,95673c51947583787c9a82374e730e207e786d47bd5c33a24d0a5fcc2af04abe
13-历史组网运行/isolated-ai-composed-62/chains/plan-ai-fund-fraud-62/meeting-minutes-001/output-meeting-minutes-6a077aae3a5e7068.json,529,6a077aae3a5e7068b53125bf0f516d38d0a6125fabdbd492c1e9c31ec653e870
13-历史组网运行/isolated-ai-composed-62/chains/plan-ai-fund-fraud-62/metric-compute-001/output-metric-output-227681f93c84de4b.json,1170,227681f93c84de4b4fc9e6c8a4504d14ad7cf51470229898e70e2ec3da0cd68a
13-历史组网运行/isolated-ai-composed-62/chains/plan-ai-fund-fraud-62/nlp-process-001/output-nlp-output-cfa39f941459950d.json,522,cfa39f941459950d5b177c2603a6c6bdba5da48b0dcdeae4a1ec188c77cba802
13-历史组网运行/isolated-ai-composed-62/chains/plan-ai-fund-fraud-62/notice-generate-001/output-audit-notice-012e4e30bfb32e90.json,366,012e4e30bfb32e9037f4eecf39d93628736148d8cc3e129ed55a4c7d881de19c
13-历史组网运行/isolated-ai-composed-62/chains/plan-ai-fund-fraud-62/ocr-extract-001/output-ocr-text-02da0f782daa1d18.json,361,02da0f782daa1d18bcd229b947c693cc8d326412795158752d578ca065995d04
13-历史组网运行/isolated-ai-composed-62/chains/plan-ai-fund-fraud-62/plan-version-control-001/output-plan-version-3d268db6109b8da6.json,619,3d268db6109b8da6795048d232a0dc65bf2fafc3198e8ec0882bf28bd061d354
13-历史组网运行/isolated-ai-composed-62/chains/plan-ai-fund-fraud-62/priority-rank-001/output-priority-order-70f2f100f217c324.json,281,70f2f100f217c32495679bcb2bf3b477205a859616bf8a1d53ea7c5aa1ca1bcc
13-历史组网运行/isolated-ai-composed-62/chains/plan-ai-fund-fraud-62/process-gap-detect-001/output-process-gap-set-c642a31c39500951.json,336,c642a31c39500951ffd3d25bc400b4f924d52a1e3660f77d35e18021f644b392
13-历史组网运行/isolated-ai-composed-62/chains/plan-ai-fund-fraud-62/program-template-match-001/output-program-template-897a7b5697044b63.json,2871,897a7b5697044b63dff422f5b996d8547e4b0f925b9d77cf6883cab25e0fefcb
13-历史组网运行/isolated-ai-composed-62/chains/plan-ai-fund-fraud-62/progress-report-001/output-progress-daily-0d617d5f4cfa6210.json,227,0d617d5f4cfa6210f882080744efafb8b80a1423cbc425aafc564d8966f8c841
13-历史组网运行/isolated-ai-composed-62/chains/plan-ai-fund-fraud-62/project-library-001/output-project-snapshot-74403cf3b347369d.json,465,74403cf3b347369dbdaefdb8da95b1d1eea76796a5c4c14b726bcadfc1de3bfe
13-历史组网运行/isolated-ai-composed-62/chains/plan-ai-fund-fraud-62/project-scheme-build-001/output-project-scheme-f2ae1463aaaeb0e0.json,1660,f2ae1463aaaeb0e0c68a641388960c4676b7b70d36d9e183c6b2d91cec32e60b
13-历史组网运行/isolated-ai-composed-62/chains/plan-ai-fund-fraud-62/proposal-score-001/output-scored-proposal-b8e66b9a2197141e.json,282,b8e66b9a2197141e97fd0e28e0b83673baf8d1210d4aa4364c194c2fba02c623
13-历史组网运行/isolated-ai-composed-62/chains/plan-ai-fund-fraud-62/quality-check-001/output-quality-report-4bdfe153cbde541a.json,1141,4bdfe153cbde541a50daa10de4ba46dae9a70ef72ae9da25cf2b8219ee750e36
13-历史组网运行/isolated-ai-composed-62/chains/plan-ai-fund-fraud-62/remedy-progress-track-001/output-remedy-progress-17b5a7543b44f320.json,599,17b5a7543b44f320ae9fa1bfe698709e8b07c6086ec95453e25eae9e9b910707
13-历史组网运行/isolated-ai-composed-62/chains/plan-ai-fund-fraud-62/resource-conflict-detect-001/output-conflict-alert-44cc9887b84a6785.json,385,44cc9887b84a678505c76673a8e75545c14f6a137d6800a5502dc26fc5d3b025
13-历史组网运行/isolated-ai-composed-62/chains/plan-ai-fund-fraud-62/responsible-party-find-001/output-responsible-party-40e2f041b9933b62.json,5558,40e2f041b9933b620dc33708173b670db67be5483f6fe82642411af8613b68bf
13-历史组网运行/isolated-ai-composed-62/chains/plan-ai-fund-fraud-62/risk-advice-generate-001/output-risk-advice-set-17bc556a3a9ba7e3.json,467,17bc556a3a9ba7e32e63993bb6b676e7469922e883a07cc1a1183be7ac77369d
13-历史组网运行/isolated-ai-composed-62/chains/plan-ai-fund-fraud-62/risk-heatmap-draw-001/output-risk-heatmap-9a36641a084ac5bd.json,555,9a36641a084ac5bdc309672a72f39278596f2ccb49615b60eab70dae853c6bcf
13-历史组网运行/isolated-ai-composed-62/chains/plan-ai-fund-fraud-62/risk-level-assign-001/output-risk-level-8fe43612aa1044c2.json,3759,8fe43612aa1044c2cf639053cdd5c4a2452504f04963cef5028233f7d3673b44
13-历史组网运行/isolated-ai-composed-62/chains/plan-ai-fund-fraud-62/risk-matrix-build-001/output-risk-matrix-f29681f458c8844c.json,8090,f29681f458c8844c1842deac162e0cc6c5ec67e8d5d40beacfde17a4c39f3028
13-历史组网运行/isolated-ai-composed-62/chains/plan-ai-fund-fraud-62/rule-engine-001/output-rule-evaluation-3b2456a4180bc79b.json,535,3b2456a4180bc79bfaeba0d75ce7e25ca29ef86b21841f4c53eb22c432b8f207
13-历史组网运行/isolated-ai-composed-62/chains/plan-ai-fund-fraud-62/sample-size-compute-001/output-sample-size-6078e9cef44ea7f9.json,223,6078e9cef44ea7f9811916628a81b2aef969fa4789f6caf01a55d6cdd89e5b7a
13-历史组网运行/isolated-ai-composed-62/chains/plan-ai-fund-fraud-62/sampling-select-001/output-sampling-plan-7d654f273bbdd7a2.json,388,7d654f273bbdd7a2951b64a6663f99562967ce60401fb28377417abf982ef905
13-历史组网运行/isolated-ai-composed-62/chains/plan-ai-fund-fraud-62/site-checkin-track-001/output-checkin-log-accf2f740c9562fe.json,271,accf2f740c9562fe31257d33bfd25dfad8244ad695a803e34569f2dfb09c8a86
13-历史组网运行/isolated-ai-composed-62/chains/plan-ai-fund-fraud-62/staff-schedule-001/output-schedule-plan-94d3d490ca5b966e.json,1987,94d3d490ca5b966e0efe0100f82db64f10cff82fc17b2b2c41cb6119d587d415
13-历史组网运行/isolated-ai-composed-62/chains/plan-ai-fund-fraud-62/strategy-align-001/output-aligned-demand-efb7c446d566d88d.json,1040,efb7c446d566d88ddcfa73e041124624a7e802c91871eeac3246e680c13eaff4
13-历史组网运行/isolated-ai-composed-62/chains/plan-ai-fund-fraud-62/suspicion-flag-001/output-suspicion-set-263de00cc9690c06.json,697,263de00cc9690c065c19d2e319a3109cf6ce5bf552aec4b86a0b69e84f0cecdd
13-历史组网运行/isolated-ai-composed-62/chains/plan-ai-fund-fraud-62/suspicion-merge-001/output-merged-suspicion-3080a72ab8568f9f.json,3059,3080a72ab8568f9fdf81d796f96356aaa5f667e3c7d4232365c1265e805f2e69
13-历史组网运行/isolated-ai-composed-62/chains/plan-ai-fund-fraud-62/tag-manage-001/output-tag-tree-9f02df2e70e47e2c.json,473,9f02df2e70e47e2c3e353b24d86b4d71f0e07eed70107af09a4f1a68cd7d1d64
13-历史组网运行/isolated-ai-composed-62/chains/plan-ai-fund-fraud-62/team-forming-001/output-team-scheme-710f373f182754ee.json,965,710f373f182754eebcb955e2a453f1a778d7ece8f0b5f26b9dd67d0590b95b0d
13-历史组网运行/isolated-ai-composed-62/chains/plan-ai-fund-fraud-62/violation-clause-match-001/output-violation-clause-81889837d75fbc0d.json,4902,81889837d75fbc0d4f2f89193bb926fe2d5e35772bdc6ff63742479c71c151d4
13-历史组网运行/isolated-ai-composed-62/chains/plan-ai-fund-fraud-62/voucher-drilldown-001/output-voucher-chain-0349b3164630e876.json,10891,0349b3164630e8764ce27eeded328abc3f58303fa5059965cf9bd6886d7f3495
13-历史组网运行/isolated-ai-composed-62/chains/plan-ai-fund-fraud-62/workpaper-build-001/output-workpaper-draft-72b8043bd9b71e8e.json,8775,72b8043bd9b71e8e027526aa751888af190d7df09ac1cffba24bb1073f304113
13-历史组网运行/isolated-ai-composed-62/chains/plan-ai-fund-fraud-71/annual-plan-build-001/output-annual-plan-be9f709ceabef85f.json,379,be9f709ceabef85f4a494e98ee90e6735bc2553d55968344e67fd9e93cbd095f
13-历史组网运行/isolated-ai-composed-62/chains/plan-ai-fund-fraud-71/annual-propose-001/output-proposal-set-b3680e513232c205.json,600,b3680e513232c205dd657a21ed8b6c711a687229b528214fb2599d61fcca21e7
13-历史组网运行/isolated-ai-composed-62/chains/plan-ai-fund-fraud-71/asset-check-001/output-asset-result-85d408a9a9382187.json,473,85d408a9a938218779381555120a55cd1dbffbff34334e93acbe73328f522035
13-历史组网运行/isolated-ai-composed-62/chains/plan-ai-fund-fraud-71/audit-log-001/output-audit-log-set-3782d9454d927376.json,735,3782d9454d92737636a34d7452e28b1931b5aecab2648879afb7c2fb3bcafede
13-历史组网运行/isolated-ai-composed-62/chains/plan-ai-fund-fraud-71/auditee-feedback-001/output-feedback-set-3d7355a15f83c75b.json,6387,3d7355a15f83c75bb788a0ce6dbba9155d37f971cdda9e553190098c489ec9f9
13-历史组网运行/isolated-ai-composed-62/chains/plan-ai-fund-fraud-71/confirm-letter-001/output-confirm-result-74b01a21a00e76fb.json,726,74b01a21a00e76fbbda1ff9896af177afe1e34c6fee4bece4da088c27000bd33
13-历史组网运行/isolated-ai-composed-62/chains/plan-ai-fund-fraud-71/cross-dept-inquiry-001/output-inquiry-result-0a29a2f8d5780b8f.json,1000,0a29a2f8d5780b8fe2364faff217ddc862b3d42c73470cc88287148a3e3ca622
13-历史组网运行/isolated-ai-composed-62/chains/plan-ai-fund-fraud-71/demand-collect-001/output-demand-set-87b4c984596d7ef7.json,780,87b4c984596d7ef759e8852cb5901b6217aa69a9c5bbd780385ea6b289f98d6f
13-历史组网运行/isolated-ai-composed-62/chains/plan-ai-fund-fraud-71/e-signature-001/output-signed-workpaper-6a7b072f2d5bad1d.json,3241,6a7b072f2d5bad1d5acd37cbb1b859bd6a6dd4ab752f1ea5a9af0e612dd1068a
13-历史组网运行/isolated-ai-composed-62/chains/plan-ai-fund-fraud-71/effort-budget-001/output-effort-budget-136ffa919e8373c3.json,237,136ffa919e8373c387111a8f0e944b0211011d86cf9c5ef30c41778cff7eeb38
13-历史组网运行/isolated-ai-composed-62/chains/plan-ai-fund-fraud-71/evidence-archive-001/output-archived-evidence-1f7a495f699421ca.json,488,1f7a495f699421ca0bbf19aef5303d67a162cd569e297eb4fe4724e3a5c407c5
13-历史组网运行/isolated-ai-composed-62/chains/plan-ai-fund-fraud-71/evidence-index-link-001/output-evidence-index-dc5facf245ea7f06.json,8032,dc5facf245ea7f06d0ad634511865ab1c3c7f4e63b86019cc228162ed29fc58f
13-历史组网运行/isolated-ai-composed-62/chains/plan-ai-fund-fraud-71/evidence-photo-001/output-photo-evidence-ce2038836d6fc245.json,846,ce2038836d6fc245b9e9b5b6be49d9278e14be815858a34860e3e4e86ffc1e81
13-历史组网运行/isolated-ai-composed-62/chains/plan-ai-fund-fraud-71/evidence-verify-001/output-evidence-verdict-7052ead207c76540.json,624,7052ead207c765407ae7fdb6b8083cd1dc4d5a03db7c89cf1826c5f27953374d
13-历史组网运行/isolated-ai-composed-62/chains/plan-ai-fund-fraud-71/extension-approve-001/output-extension-decision-53baf051c743b358.json,642,53baf051c743b3580c05a9d1d4b00a45f0a92692562c19d2492d71ddfc348ed1
13-历史组网运行/isolated-ai-composed-62/chains/plan-ai-fund-fraud-71/finance-anomaly-alert-001/output-finance-anomaly-set-84f13a7697c37159.json,5037,84f13a7697c37159505746dcc1892a8f09f37d5cb93e7e00632b3e11164c297d
13-历史组网运行/isolated-ai-composed-62/chains/plan-ai-fund-fraud-71/finance-clean-001/output-clean-finance-set-e5b3c6fb99105af8.json,17620,e5b3c6fb99105af8c306ce9231530948faf0864c266e5470b514e042f10e0108
13-历史组网运行/isolated-ai-composed-62/chains/plan-ai-fund-fraud-71/fraud-risk-match-001/output-fraud-risk-set-6b8f099b114bde5f.json,383,6b8f099b114bde5f9645a106b193238951e6cf7845a3705d6d9e44f1f9a09d6b
13-历史组网运行/isolated-ai-composed-62/chains/plan-ai-fund-fraud-71/high-risk-area-locate-001/output-high-risk-area-b9351b02e6733282.json,2032,b9351b02e6733282936924b60dbae4f8d03f05b9be1065a5eabec53be5fa89d5
13-历史组网运行/isolated-ai-composed-62/chains/plan-ai-fund-fraud-71/industry-risk-benchmark-001/output-industry-risk-set-07359379172e2546.json,515,07359379172e2546b880488c3197571b359e1c65fc7d3a930924bbb80b32fc32
13-历史组网运行/isolated-ai-composed-62/chains/plan-ai-fund-fraud-71/internal-control-risk-map-001/output-ic-risk-set-a0c6a8727d6cfd3f.json,549,a0c6a8727d6cfd3f484950ff6e9fbbac806ca9ef4c011f6c4d158620742308f1
13-历史组网运行/isolated-ai-composed-62/chains/plan-ai-fund-fraud-71/interview-record-001/output-interview-note-28633ea0c0e2693f.json,575,28633ea0c0e2693ffc3a957f391530caeb916d3a377007597bb7ab8cca4f7021
13-历史组网运行/isolated-ai-composed-62/chains/plan-ai-fund-fraud-71/inventory-count-001/output-inventory-result-2bbfbe552f689333.json,437,2bbfbe552f68933322f732f677143a68fa1e5d30b80c19278d5bc0be03c487a9
13-历史组网运行/isolated-ai-composed-62/chains/plan-ai-fund-fraud-71/issue-amount-compute-001/output-issue-amount-28d30253ca3801e5.json,4256,28d30253ca3801e5a4ecc4366d49dae9d78ae0e6f8cf2f1145813d91c21a82ac
13-历史组网运行/isolated-ai-composed-62/chains/plan-ai-fund-fraud-71/issue-desc-write-001/output-issue-desc-d86cd007e3b98c1a.json,3728,d86cd007e3b98c1a759f24d3dcba97aae2b9f5e04f6fae84ac675abee47d2d70
13-历史组网运行/isolated-ai-composed-62/chains/plan-ai-fund-fraud-71/issue-final-review-001/output-final-issue-set-eb21c1f7785cff78.json,6705,eb21c1f7785cff78ad15b53c46befe962b08be7379a5eb2cd2d1b7b49ac26b9b
13-历史组网运行/isolated-ai-composed-62/chains/plan-ai-fund-fraud-71/issue-grade-001/output-graded-issue-31818993fda5d3c1.json,5077,31818993fda5d3c129556bf3b58f9cb95c536ad6eec42422e306fb2511497f8f
13-历史组网运行/isolated-ai-composed-62/chains/plan-ai-fund-fraud-71/issue-type-judge-001/output-issue-type-set-248791398809fa12.json,3522,248791398809fa1291f5c4be62cbb77b308dd9f4bbe2947fd6745e4e2bf6fa9c
13-历史组网运行/isolated-ai-composed-62/chains/plan-ai-fund-fraud-71/macro-policy-risk-scan-001/output-policy-risk-set-4ce68612d0b0f716.json,336,4ce68612d0b0f716a084d20260bc06e4fbac7acf367a44dcfdc2d93295b94925
13-历史组网运行/isolated-ai-composed-62/chains/plan-ai-fund-fraud-71/material-precheck-001/output-precheck-report-36e9e4ffc6c008db.json,638,36e9e4ffc6c008db1361e440018ee26e6926667417776a58b0e734ec6f3266fd
13-历史组网运行/isolated-ai-composed-62/chains/plan-ai-fund-fraud-71/material-submit-001/output-submitted-material-95673c5194758378.json,750,95673c51947583787c9a82374e730e207e786d47bd5c33a24d0a5fcc2af04abe
13-历史组网运行/isolated-ai-composed-62/chains/plan-ai-fund-fraud-71/meeting-minutes-001/output-meeting-minutes-6a077aae3a5e7068.json,529,6a077aae3a5e7068b53125bf0f516d38d0a6125fabdbd492c1e9c31ec653e870
13-历史组网运行/isolated-ai-composed-62/chains/plan-ai-fund-fraud-71/metric-compute-001/output-metric-output-227681f93c84de4b.json,1170,227681f93c84de4b4fc9e6c8a4504d14ad7cf51470229898e70e2ec3da0cd68a
13-历史组网运行/isolated-ai-composed-62/chains/plan-ai-fund-fraud-71/nlp-process-001/output-nlp-output-cfa39f941459950d.json,522,cfa39f941459950d5b177c2603a6c6bdba5da48b0dcdeae4a1ec188c77cba802
13-历史组网运行/isolated-ai-composed-62/chains/plan-ai-fund-fraud-71/notice-generate-001/output-audit-notice-012e4e30bfb32e90.json,366,012e4e30bfb32e9037f4eecf39d93628736148d8cc3e129ed55a4c7d881de19c
13-历史组网运行/isolated-ai-composed-62/chains/plan-ai-fund-fraud-71/ocr-extract-001/output-ocr-text-02da0f782daa1d18.json,361,02da0f782daa1d18bcd229b947c693cc8d326412795158752d578ca065995d04
13-历史组网运行/isolated-ai-composed-62/chains/plan-ai-fund-fraud-71/plan-version-control-001/output-plan-version-3d268db6109b8da6.json,619,3d268db6109b8da6795048d232a0dc65bf2fafc3198e8ec0882bf28bd061d354
13-历史组网运行/isolated-ai-composed-62/chains/plan-ai-fund-fraud-71/priority-rank-001/output-priority-order-70f2f100f217c324.json,281,70f2f100f217c32495679bcb2bf3b477205a859616bf8a1d53ea7c5aa1ca1bcc
13-历史组网运行/isolated-ai-composed-62/chains/plan-ai-fund-fraud-71/process-gap-detect-001/output-process-gap-set-c642a31c39500951.json,336,c642a31c39500951ffd3d25bc400b4f924d52a1e3660f77d35e18021f644b392
13-历史组网运行/isolated-ai-composed-62/chains/plan-ai-fund-fraud-71/program-template-match-001/output-program-template-897a7b5697044b63.json,2871,897a7b5697044b63dff422f5b996d8547e4b0f925b9d77cf6883cab25e0fefcb
13-历史组网运行/isolated-ai-composed-62/chains/plan-ai-fund-fraud-71/progress-report-001/output-progress-daily-0d617d5f4cfa6210.json,227,0d617d5f4cfa6210f882080744efafb8b80a1423cbc425aafc564d8966f8c841
13-历史组网运行/isolated-ai-composed-62/chains/plan-ai-fund-fraud-71/project-library-001/output-project-snapshot-74403cf3b347369d.json,465,74403cf3b347369dbdaefdb8da95b1d1eea76796a5c4c14b726bcadfc1de3bfe
13-历史组网运行/isolated-ai-composed-62/chains/plan-ai-fund-fraud-71/project-scheme-build-001/output-project-scheme-f2ae1463aaaeb0e0.json,1660,f2ae1463aaaeb0e0c68a641388960c4676b7b70d36d9e183c6b2d91cec32e60b
13-历史组网运行/isolated-ai-composed-62/chains/plan-ai-fund-fraud-71/proposal-score-001/output-scored-proposal-b8e66b9a2197141e.json,282,b8e66b9a2197141e97fd0e28e0b83673baf8d1210d4aa4364c194c2fba02c623
13-历史组网运行/isolated-ai-composed-62/chains/plan-ai-fund-fraud-71/quality-check-001/output-quality-report-4bdfe153cbde541a.json,1141,4bdfe153cbde541a50daa10de4ba46dae9a70ef72ae9da25cf2b8219ee750e36
13-历史组网运行/isolated-ai-composed-62/chains/plan-ai-fund-fraud-71/remedy-progress-track-001/output-remedy-progress-17b5a7543b44f320.json,599,17b5a7543b44f320ae9fa1bfe698709e8b07c6086ec95453e25eae9e9b910707
13-历史组网运行/isolated-ai-composed-62/chains/plan-ai-fund-fraud-71/resource-conflict-detect-001/output-conflict-alert-44cc9887b84a6785.json,385,44cc9887b84a678505c76673a8e75545c14f6a137d6800a5502dc26fc5d3b025
13-历史组网运行/isolated-ai-composed-62/chains/plan-ai-fund-fraud-71/responsible-party-find-001/output-responsible-party-40e2f041b9933b62.json,5558,40e2f041b9933b620dc33708173b670db67be5483f6fe82642411af8613b68bf
13-历史组网运行/isolated-ai-composed-62/chains/plan-ai-fund-fraud-71/risk-advice-generate-001/output-risk-advice-set-17bc556a3a9ba7e3.json,467,17bc556a3a9ba7e32e63993bb6b676e7469922e883a07cc1a1183be7ac77369d
13-历史组网运行/isolated-ai-composed-62/chains/plan-ai-fund-fraud-71/risk-heatmap-draw-001/output-risk-heatmap-9a36641a084ac5bd.json,555,9a36641a084ac5bdc309672a72f39278596f2ccb49615b60eab70dae853c6bcf
13-历史组网运行/isolated-ai-composed-62/chains/plan-ai-fund-fraud-71/risk-level-assign-001/output-risk-level-8fe43612aa1044c2.json,3759,8fe43612aa1044c2cf639053cdd5c4a2452504f04963cef5028233f7d3673b44
13-历史组网运行/isolated-ai-composed-62/chains/plan-ai-fund-fraud-71/risk-matrix-build-001/output-risk-matrix-f29681f458c8844c.json,8090,f29681f458c8844c1842deac162e0cc6c5ec67e8d5d40beacfde17a4c39f3028
13-历史组网运行/isolated-ai-composed-62/chains/plan-ai-fund-fraud-71/rule-engine-001/output-rule-evaluation-3b2456a4180bc79b.json,535,3b2456a4180bc79bfaeba0d75ce7e25ca29ef86b21841f4c53eb22c432b8f207
13-历史组网运行/isolated-ai-composed-62/chains/plan-ai-fund-fraud-71/sample-size-compute-001/output-sample-size-6078e9cef44ea7f9.json,223,6078e9cef44ea7f9811916628a81b2aef969fa4789f6caf01a55d6cdd89e5b7a
13-历史组网运行/isolated-ai-composed-62/chains/plan-ai-fund-fraud-71/sampling-select-001/output-sampling-plan-7d654f273bbdd7a2.json,388,7d654f273bbdd7a2951b64a6663f99562967ce60401fb28377417abf982ef905
13-历史组网运行/isolated-ai-composed-62/chains/plan-ai-fund-fraud-71/site-checkin-track-001/output-checkin-log-accf2f740c9562fe.json,271,accf2f740c9562fe31257d33bfd25dfad8244ad695a803e34569f2dfb09c8a86
13-历史组网运行/isolated-ai-composed-62/chains/plan-ai-fund-fraud-71/staff-schedule-001/output-schedule-plan-94d3d490ca5b966e.json,1987,94d3d490ca5b966e0efe0100f82db64f10cff82fc17b2b2c41cb6119d587d415
13-历史组网运行/isolated-ai-composed-62/chains/plan-ai-fund-fraud-71/strategy-align-001/output-aligned-demand-efb7c446d566d88d.json,1040,efb7c446d566d88ddcfa73e041124624a7e802c91871eeac3246e680c13eaff4
13-历史组网运行/isolated-ai-composed-62/chains/plan-ai-fund-fraud-71/suspicion-flag-001/output-suspicion-set-263de00cc9690c06.json,697,263de00cc9690c065c19d2e319a3109cf6ce5bf552aec4b86a0b69e84f0cecdd
13-历史组网运行/isolated-ai-composed-62/chains/plan-ai-fund-fraud-71/suspicion-merge-001/output-merged-suspicion-3080a72ab8568f9f.json,3059,3080a72ab8568f9fdf81d796f96356aaa5f667e3c7d4232365c1265e805f2e69
13-历史组网运行/isolated-ai-composed-62/chains/plan-ai-fund-fraud-71/tag-manage-001/output-tag-tree-9f02df2e70e47e2c.json,473,9f02df2e70e47e2c3e353b24d86b4d71f0e07eed70107af09a4f1a68cd7d1d64
13-历史组网运行/isolated-ai-composed-62/chains/plan-ai-fund-fraud-71/team-forming-001/output-team-scheme-710f373f182754ee.json,965,710f373f182754eebcb955e2a453f1a778d7ece8f0b5f26b9dd67d0590b95b0d
13-历史组网运行/isolated-ai-composed-62/chains/plan-ai-fund-fraud-71/violation-clause-match-001/output-violation-clause-81889837d75fbc0d.json,4902,81889837d75fbc0d4f2f89193bb926fe2d5e35772bdc6ff63742479c71c151d4
13-历史组网运行/isolated-ai-composed-62/chains/plan-ai-fund-fraud-71/voucher-drilldown-001/output-voucher-chain-e364f0d11a1fef29.json,10891,e364f0d11a1fef29e425369b59fdec518e30cb85a5c7902b5fc6126e7a6a46d4
13-历史组网运行/isolated-ai-composed-62/chains/plan-ai-fund-fraud-71/workpaper-borrow-approve-001/output-borrow-status-c249e28684c276e6.json,518,c249e28684c276e6951b9deeab92fa216de2e0326dd89429d81f62b0dd6c3a43
13-历史组网运行/isolated-ai-composed-62/chains/plan-ai-fund-fraud-71/workpaper-build-001/output-workpaper-draft-17aa24b8029f7908.json,8775,17aa24b8029f7908865b39ac47b6c3c6ecb97e36daa4fb799ba196021fab1dbc
13-历史组网运行/isolated-ai-composed-62/chains/plan-ai-fund-fraud-71/workpaper-build-001/output-workpaper-draft-35be9f3428dca5e3.json,8775,35be9f3428dca5e3233fa8372583b9b33565c13ae5b8c868a6085cc5a30ce420
13-历史组网运行/isolated-ai-composed-62/chains/plan-ai-fund-fraud-71/workpaper-build-001/output-workpaper-draft-440069695d222398.json,8775,440069695d2223986bbc028134d50c2f8d133c3c282ad5b4b8a3873dca5bfde3
13-历史组网运行/isolated-ai-composed-62/chains/plan-ai-fund-fraud-71/workpaper-build-001/output-workpaper-draft-5edcec0697e073f8.json,8775,5edcec0697e073f8782c93ad40da23dbf834d2f2b632434371ff62887ec4f723
13-历史组网运行/isolated-ai-composed-62/chains/plan-ai-fund-fraud-71/workpaper-build-001/output-workpaper-draft-98a4059d3275622c.json,8775,98a4059d3275622c2d0da533e24346f151ebbd92961b743a402adb571b99d458
13-历史组网运行/isolated-ai-composed-62/chains/plan-ai-fund-fraud-71/workpaper-encrypt-store-001/output-encrypt-status-ed1f6e7a6617b363.json,3738,ed1f6e7a6617b363e168bc2c6bcce40d039f4ea0c38219984d5eba731630098c
13-历史组网运行/isolated-ai-composed-62/chains/plan-ai-fund-fraud-71/workpaper-reconcile-001/output-reconcile-report-9502e3fca3613bbd.json,213,9502e3fca3613bbdde3d7be9e1931840ea7a9529e59e7234aeadb71adec5e74c
13-历史组网运行/isolated-ai-composed-62/chains/plan-ai-fund-fraud-71/workpaper-review3-001/output-review-status-c9b852ea134e298c.json,4075,c9b852ea134e298c4acb309ec6f7eecfdf9cd244a4815b74b723690b57929ea2
13-历史组网运行/isolated-ai-composed-62/chains/plan-ai-fund-fraud-71/workpaper-template-update-001/output-template-update-set-72e8196978588f60.json,4210,72e8196978588f609276ba1981583c9f0b8d28110f887cff966731b084cc9c6c
13-历史组网运行/isolated-ai-composed-62/chains/plan-ai-fund-fraud-71/workpaper-version-diff-001/output-version-diff-report-d63294efb2dd69a2.json,4300,d63294efb2dd69a24f5872c2f495fcdbf793b9c3b6aa73cbdba920a351e063c9
13-历史组网运行/isolated-ai-composed-62/inputs/assets.json,202,4cbca1875e354c015527fd32a0a2a52ae33d474c929304bb51a15d484903806c
13-历史组网运行/isolated-ai-composed-62/inputs/borrow-request.json,250,e3aefa190f6655a03abc7ef70f3a456cdbbb5611b469c4a0e82566f7408bb2a8
13-历史组网运行/isolated-ai-composed-62/inputs/budget.json,178,138e9579a8f066eee94397ab7867cc0ce293e7d3c9c3d0520050c10b1a128fef
13-历史组网运行/isolated-ai-composed-62/inputs/checkins.json,350,e448659497161535bd726f2e63714123fbd24113131ebaabebd42436ea8ac6ec
13-历史组网运行/isolated-ai-composed-62/inputs/confirmations.json,221,f53bf398a99255b910faf9a5c1e5f9c67062491223c64bae939dd7cfae264c52
13-历史组网运行/isolated-ai-composed-62/inputs/demands.json,455,97c6776be079fffb34a7b467a7842cd5cc80c981b27c2aac2c674d4f4f906a28
13-历史组网运行/isolated-ai-composed-62/inputs/extension.json,147,88b85d8cde51d1a508b836eda04cf27115c045852fae288740974271110237c4
13-历史组网运行/isolated-ai-composed-62/inputs/field.json,537,98f13e43f89680ed0babd87380765a0ff853fc5c9f2096c2ed6ef7f54062f5ec
13-历史组网运行/isolated-ai-composed-62/inputs/fraud-input.json,350,c845d0b37c61513d8a09927d0ffc7108af78b6f9a4534f7d6e4e93e4390bfc0c
13-历史组网运行/isolated-ai-composed-62/inputs/fraud-risk-set.json,485,6ba0039bdc9e1db9dec9b4b594692c98086148a775a88c903ca33bddc8127ba4
13-历史组网运行/isolated-ai-composed-62/inputs/high-risk.json,321,aaea32606352eb7b5e17ddb1bc07b7d485a74924add78ba1f2dc9fb9091827a2
13-历史组网运行/isolated-ai-composed-62/inputs/ic-flow.json,351,cec32fcd320df85b39373e47c8971580f4880b5a44f7f39cafabd7fdf25b49b5
13-历史组网运行/isolated-ai-composed-62/inputs/ic-risk-set.json,473,2d466cbe09f04908801d745054ff6a62287e1e2ea8d915780985829851529941
13-历史组网运行/isolated-ai-composed-62/inputs/industry-benchmark.json,287,904a5e35dd97513e2afc200fca13934829cec635203322655225cd32e6628ede
13-历史组网运行/isolated-ai-composed-62/inputs/industry-risk-set.json,492,76d377bcabff75ecfb54603e81e9f43794f187c32088bbb62615a30bd18e4535
13-历史组网运行/isolated-ai-composed-62/inputs/inquiries.json,219,7021c66cb51bfd2bd34133003d7b4fdd4b60476f8ded799f1ad2036ca4e9b72c
13-历史组网运行/isolated-ai-composed-62/inputs/interviews.json,330,65c5f77b2362153d34794f56278b9bea9781fc179e50be91384ef66d088af529
13-历史组网运行/isolated-ai-composed-62/inputs/inventory.json,169,6673c26ac9b8db48f1c07172618b0531f4894b403924822ec795abed8daf0a72
13-历史组网运行/isolated-ai-composed-62/inputs/invoice-scan.txt,42,39116e923fa1ab516bd3f279826bda2f0a925ca995a59abbcebe5e031d717cc6
13-历史组网运行/isolated-ai-composed-62/inputs/ledger.csv,5280,79a9c4f07b4e5ec3dbf88c17cc3d5ca338244d025ac9411be6e1a2f5cb46f3bf
13-历史组网运行/isolated-ai-composed-62/inputs/lineage.json,493,0fadb06d74e6e881267c1a30be277f050b5fddcb8ba609e47895c3f7527699f6
13-历史组网运行/isolated-ai-composed-62/inputs/log-events.json,306,eb94d733e7485dfe3d4fb5ad0159ed1b093cf404e1e2cecf2c13810cfa8756d5
13-历史组网运行/isolated-ai-composed-62/inputs/master.json,559,a330fe5e662c168d99b8504d72651d59bacf90f3bbd73bd123e0d537743f0dac
13-历史组网运行/isolated-ai-composed-62/inputs/meeting.json,251,13122ecb5f49331453f2ee038b396969f4beed07e1713c990f2dc4fda4fe26f2
13-历史组网运行/isolated-ai-composed-62/inputs/metric-ledger.csv,5280,79a9c4f07b4e5ec3dbf88c17cc3d5ca338244d025ac9411be6e1a2f5cb46f3bf
13-历史组网运行/isolated-ai-composed-62/inputs/nlp.json,152,870e4d26ab83ef4951e9e43a57891335524ac95191bf8307ba86631831227133
13-历史组网运行/isolated-ai-composed-62/inputs/photos.json,437,a7720a2c3f2d09cb05929ce4105268f2775d87f9a05d0861396b2028ad5ade6f
13-历史组网运行/isolated-ai-composed-62/inputs/plan-changes.json,196,dab71ea879f76998b31a273331dad2bd46bc29bc1d4fc84b53de57678a72896c
13-历史组网运行/isolated-ai-composed-62/inputs/policy-input.json,313,789bd55c3c60e47ea3698bfcf963b3f6a85425e01585bd46300071a7cdd090e2
13-历史组网运行/isolated-ai-composed-62/inputs/policy-risk-set.json,487,73bbfe30e91629606230056eda73532522995b29deff3559a18c61f3f4e53a0c
13-历史组网运行/isolated-ai-composed-62/inputs/population.json,187,ed3d7f62dd799c498a42b74faf73fc644397148599b7e37de4fc1f968250d1fc
13-历史组网运行/isolated-ai-composed-62/inputs/process-gap-set.json,486,e515231406e5cc504e511d3093fd3100e1f64e7c4e5dcc632dbe8b96b0fae965
13-历史组网运行/isolated-ai-composed-62/inputs/process-input.json,272,25e7853bb94114a1e86d0ca14c8e5f25e9ad85deee08479955c6aff77a6ab601
13-历史组网运行/isolated-ai-composed-62/inputs/program-template.json,257,271a0b8bf60987def7ba7483e442bb4e3b6de788a6baa714e538aed5305d7ba3
13-历史组网运行/isolated-ai-composed-62/inputs/quality-ledger.csv,5280,79a9c4f07b4e5ec3dbf88c17cc3d5ca338244d025ac9411be6e1a2f5cb46f3bf
13-历史组网运行/isolated-ai-composed-62/inputs/remedy.json,631,d076c88353ea160ea4df1858447908127fb0dc0086148c2f57516b8a1fb1130d
13-历史组网运行/isolated-ai-composed-62/inputs/risk-advice.json,238,b37597ec149fa0b2c93fbe928ec57167120a74417cf3cc2408b3f9ccf9c2b0a1
13-历史组网运行/isolated-ai-composed-62/inputs/rules.json,4943,7c3236ce3875131f82d39a90548698faa5926aad0449d9249c1b6f48ae3edc55
13-历史组网运行/isolated-ai-composed-62/inputs/sample-size.json,213,b7c97348bcea1aeb25ca1124213539fecfb1cf1814d019c4445becf73d97e3ab
13-历史组网运行/isolated-ai-composed-62/inputs/submitted-units.json,323,396b164e6a70aff68ba993ea24c98a16e10503f5b8bf928864dd2858c6785b94
13-历史组网运行/isolated-ai-composed-62/inputs/tag-query.json,251,2dd8c29d814582373412ef3a7b0864b638a2c26154448d1308403ad38015e357
13-历史组网运行/isolated-ai-composed-77/chains/plan-ai-fund-fraud-77/advice-match-001/output-advice-set-2600eccfbc97b6dc.json,1606,2600eccfbc97b6dc67c4d5fb2aefb3cd52dccbc824c421fccc7119171dacc9d0
13-历史组网运行/isolated-ai-composed-77/chains/plan-ai-fund-fraud-77/annual-plan-build-001/output-annual-plan-be9f709ceabef85f.json,379,be9f709ceabef85f4a494e98ee90e6735bc2553d55968344e67fd9e93cbd095f
13-历史组网运行/isolated-ai-composed-77/chains/plan-ai-fund-fraud-77/annual-propose-001/output-proposal-set-b3680e513232c205.json,600,b3680e513232c205dd657a21ed8b6c711a687229b528214fb2599d61fcca21e7
13-历史组网运行/isolated-ai-composed-77/chains/plan-ai-fund-fraud-77/asset-check-001/output-asset-result-85d408a9a9382187.json,473,85d408a9a938218779381555120a55cd1dbffbff34334e93acbe73328f522035
13-历史组网运行/isolated-ai-composed-77/chains/plan-ai-fund-fraud-77/audit-log-001/output-audit-log-set-3782d9454d927376.json,735,3782d9454d92737636a34d7452e28b1931b5aecab2648879afb7c2fb3bcafede
13-历史组网运行/isolated-ai-composed-77/chains/plan-ai-fund-fraud-77/auditee-feedback-001/output-feedback-set-3d7355a15f83c75b.json,6387,3d7355a15f83c75bb788a0ce6dbba9155d37f971cdda9e553190098c489ec9f9
13-历史组网运行/isolated-ai-composed-77/chains/plan-ai-fund-fraud-77/confirm-letter-001/output-confirm-result-74b01a21a00e76fb.json,726,74b01a21a00e76fbbda1ff9896af177afe1e34c6fee4bece4da088c27000bd33
13-历史组网运行/isolated-ai-composed-77/chains/plan-ai-fund-fraud-77/cross-dept-inquiry-001/output-inquiry-result-0a29a2f8d5780b8f.json,1000,0a29a2f8d5780b8fe2364faff217ddc862b3d42c73470cc88287148a3e3ca622
13-历史组网运行/isolated-ai-composed-77/chains/plan-ai-fund-fraud-77/demand-collect-001/output-demand-set-87b4c984596d7ef7.json,780,87b4c984596d7ef759e8852cb5901b6217aa69a9c5bbd780385ea6b289f98d6f
13-历史组网运行/isolated-ai-composed-77/chains/plan-ai-fund-fraud-77/e-signature-001/output-signed-workpaper-6a7b072f2d5bad1d.json,3241,6a7b072f2d5bad1d5acd37cbb1b859bd6a6dd4ab752f1ea5a9af0e612dd1068a
13-历史组网运行/isolated-ai-composed-77/chains/plan-ai-fund-fraud-77/effort-budget-001/output-effort-budget-136ffa919e8373c3.json,237,136ffa919e8373c387111a8f0e944b0211011d86cf9c5ef30c41778cff7eeb38
13-历史组网运行/isolated-ai-composed-77/chains/plan-ai-fund-fraud-77/evidence-archive-001/output-archived-evidence-1f7a495f699421ca.json,488,1f7a495f699421ca0bbf19aef5303d67a162cd569e297eb4fe4724e3a5c407c5
13-历史组网运行/isolated-ai-composed-77/chains/plan-ai-fund-fraud-77/evidence-index-link-001/output-evidence-index-39601c5a7ebbd31a.json,8032,39601c5a7ebbd31acd5ad3a863e8ba86f4764aef7b2573cedca339ee0c4e138f
13-历史组网运行/isolated-ai-composed-77/chains/plan-ai-fund-fraud-77/evidence-photo-001/output-photo-evidence-906d63c05ad258c1.json,846,906d63c05ad258c17547af6ca37dba16de1d92b6133bc58b2a2404aa0a5d5506
13-历史组网运行/isolated-ai-composed-77/chains/plan-ai-fund-fraud-77/evidence-verify-001/output-evidence-verdict-7052ead207c76540.json,624,7052ead207c765407ae7fdb6b8083cd1dc4d5a03db7c89cf1826c5f27953374d
13-历史组网运行/isolated-ai-composed-77/chains/plan-ai-fund-fraud-77/extension-approve-001/output-extension-decision-53baf051c743b358.json,642,53baf051c743b3580c05a9d1d4b00a45f0a92692562c19d2492d71ddfc348ed1
13-历史组网运行/isolated-ai-composed-77/chains/plan-ai-fund-fraud-77/finance-anomaly-alert-001/output-finance-anomaly-set-84f13a7697c37159.json,5037,84f13a7697c37159505746dcc1892a8f09f37d5cb93e7e00632b3e11164c297d
13-历史组网运行/isolated-ai-composed-77/chains/plan-ai-fund-fraud-77/finance-clean-001/output-clean-finance-set-e5b3c6fb99105af8.json,17620,e5b3c6fb99105af8c306ce9231530948faf0864c266e5470b514e042f10e0108
13-历史组网运行/isolated-ai-composed-77/chains/plan-ai-fund-fraud-77/fraud-risk-match-001/output-fraud-risk-set-6b8f099b114bde5f.json,383,6b8f099b114bde5f9645a106b193238951e6cf7845a3705d6d9e44f1f9a09d6b
13-历史组网运行/isolated-ai-composed-77/chains/plan-ai-fund-fraud-77/high-risk-area-locate-001/output-high-risk-area-b9351b02e6733282.json,2032,b9351b02e6733282936924b60dbae4f8d03f05b9be1065a5eabec53be5fa89d5
13-历史组网运行/isolated-ai-composed-77/chains/plan-ai-fund-fraud-77/industry-risk-benchmark-001/output-industry-risk-set-07359379172e2546.json,515,07359379172e2546b880488c3197571b359e1c65fc7d3a930924bbb80b32fc32
13-历史组网运行/isolated-ai-composed-77/chains/plan-ai-fund-fraud-77/internal-control-risk-map-001/output-ic-risk-set-a0c6a8727d6cfd3f.json,549,a0c6a8727d6cfd3f484950ff6e9fbbac806ca9ef4c011f6c4d158620742308f1
13-历史组网运行/isolated-ai-composed-77/chains/plan-ai-fund-fraud-77/interview-record-001/output-interview-note-28633ea0c0e2693f.json,575,28633ea0c0e2693ffc3a957f391530caeb916d3a377007597bb7ab8cca4f7021
13-历史组网运行/isolated-ai-composed-77/chains/plan-ai-fund-fraud-77/inventory-count-001/output-inventory-result-2bbfbe552f689333.json,437,2bbfbe552f68933322f732f677143a68fa1e5d30b80c19278d5bc0be03c487a9
13-历史组网运行/isolated-ai-composed-77/chains/plan-ai-fund-fraud-77/issue-amount-compute-001/output-issue-amount-28d30253ca3801e5.json,4256,28d30253ca3801e5a4ecc4366d49dae9d78ae0e6f8cf2f1145813d91c21a82ac
13-历史组网运行/isolated-ai-composed-77/chains/plan-ai-fund-fraud-77/issue-desc-write-001/output-issue-desc-d86cd007e3b98c1a.json,3728,d86cd007e3b98c1a759f24d3dcba97aae2b9f5e04f6fae84ac675abee47d2d70
13-历史组网运行/isolated-ai-composed-77/chains/plan-ai-fund-fraud-77/issue-final-review-001/output-final-issue-set-eb21c1f7785cff78.json,6705,eb21c1f7785cff78ad15b53c46befe962b08be7379a5eb2cd2d1b7b49ac26b9b
13-历史组网运行/isolated-ai-composed-77/chains/plan-ai-fund-fraud-77/issue-grade-001/output-graded-issue-31818993fda5d3c1.json,5077,31818993fda5d3c129556bf3b58f9cb95c536ad6eec42422e306fb2511497f8f
13-历史组网运行/isolated-ai-composed-77/chains/plan-ai-fund-fraud-77/issue-type-judge-001/output-issue-type-set-248791398809fa12.json,3522,248791398809fa1291f5c4be62cbb77b308dd9f4bbe2947fd6745e4e2bf6fa9c
13-历史组网运行/isolated-ai-composed-77/chains/plan-ai-fund-fraud-77/macro-policy-risk-scan-001/output-policy-risk-set-4ce68612d0b0f716.json,336,4ce68612d0b0f716a084d20260bc06e4fbac7acf367a44dcfdc2d93295b94925
13-历史组网运行/isolated-ai-composed-77/chains/plan-ai-fund-fraud-77/material-precheck-001/output-precheck-report-68d2716d9d91b913.json,638,68d2716d9d91b913d6e1af644aaf9171b07a1550f9d00077e7134b8ed89b26c4
13-历史组网运行/isolated-ai-composed-77/chains/plan-ai-fund-fraud-77/material-submit-001/output-submitted-material-f2d576fb11ff09ec.json,750,f2d576fb11ff09ec8f1dbc03b5bb153e0904be6c48f5f39bd6311855b8884b73
13-历史组网运行/isolated-ai-composed-77/chains/plan-ai-fund-fraud-77/meeting-minutes-001/output-meeting-minutes-6a077aae3a5e7068.json,529,6a077aae3a5e7068b53125bf0f516d38d0a6125fabdbd492c1e9c31ec653e870
13-历史组网运行/isolated-ai-composed-77/chains/plan-ai-fund-fraud-77/metric-compute-001/output-metric-output-d122bf7a5ee4c68f.json,1170,d122bf7a5ee4c68fee75e9a8a5fab047a73d372212258179e48d5681a984cf30
13-历史组网运行/isolated-ai-composed-77/chains/plan-ai-fund-fraud-77/nlp-process-001/output-nlp-output-cead83f79d10a914.json,522,cead83f79d10a9142c0cad23435b42fd39e4b9f7da296f8d77dd8923b6df263e
13-历史组网运行/isolated-ai-composed-77/chains/plan-ai-fund-fraud-77/notice-generate-001/output-audit-notice-012e4e30bfb32e90.json,366,012e4e30bfb32e9037f4eecf39d93628736148d8cc3e129ed55a4c7d881de19c
13-历史组网运行/isolated-ai-composed-77/chains/plan-ai-fund-fraud-77/notice-mask-publish-001/output-published-notice-097547cd61dcc1dd.json,404,097547cd61dcc1dd1f904b38e812f4e542fb55428ce48bfb30bbd6d7bb304599
13-历史组网运行/isolated-ai-composed-77/chains/plan-ai-fund-fraud-77/ocr-extract-001/output-ocr-text-681fa900dcead6cc.json,361,681fa900dcead6cc833c589a95dc6fd5d0e6866288335d0ca6ca1c708853a53d
13-历史组网运行/isolated-ai-composed-77/chains/plan-ai-fund-fraud-77/plan-version-control-001/output-plan-version-3d268db6109b8da6.json,619,3d268db6109b8da6795048d232a0dc65bf2fafc3198e8ec0882bf28bd061d354
13-历史组网运行/isolated-ai-composed-77/chains/plan-ai-fund-fraud-77/priority-rank-001/output-priority-order-70f2f100f217c324.json,281,70f2f100f217c32495679bcb2bf3b477205a859616bf8a1d53ea7c5aa1ca1bcc
13-历史组网运行/isolated-ai-composed-77/chains/plan-ai-fund-fraud-77/process-gap-detect-001/output-process-gap-set-c642a31c39500951.json,336,c642a31c39500951ffd3d25bc400b4f924d52a1e3660f77d35e18021f644b392
13-历史组网运行/isolated-ai-composed-77/chains/plan-ai-fund-fraud-77/program-template-match-001/output-program-template-897a7b5697044b63.json,2871,897a7b5697044b63dff422f5b996d8547e4b0f925b9d77cf6883cab25e0fefcb
13-历史组网运行/isolated-ai-composed-77/chains/plan-ai-fund-fraud-77/progress-report-001/output-progress-daily-0d617d5f4cfa6210.json,227,0d617d5f4cfa6210f882080744efafb8b80a1423cbc425aafc564d8966f8c841
13-历史组网运行/isolated-ai-composed-77/chains/plan-ai-fund-fraud-77/project-library-001/output-project-snapshot-74403cf3b347369d.json,465,74403cf3b347369dbdaefdb8da95b1d1eea76796a5c4c14b726bcadfc1de3bfe
13-历史组网运行/isolated-ai-composed-77/chains/plan-ai-fund-fraud-77/project-scheme-build-001/output-project-scheme-f2ae1463aaaeb0e0.json,1660,f2ae1463aaaeb0e0c68a641388960c4676b7b70d36d9e183c6b2d91cec32e60b
13-历史组网运行/isolated-ai-composed-77/chains/plan-ai-fund-fraud-77/proposal-score-001/output-scored-proposal-b8e66b9a2197141e.json,282,b8e66b9a2197141e97fd0e28e0b83673baf8d1210d4aa4364c194c2fba02c623
13-历史组网运行/isolated-ai-composed-77/chains/plan-ai-fund-fraud-77/quality-check-001/output-quality-report-4bdfe153cbde541a.json,1141,4bdfe153cbde541a50daa10de4ba46dae9a70ef72ae9da25cf2b8219ee750e36
13-历史组网运行/isolated-ai-composed-77/chains/plan-ai-fund-fraud-77/remedy-progress-track-001/output-remedy-progress-17b5a7543b44f320.json,599,17b5a7543b44f320ae9fa1bfe698709e8b07c6086ec95453e25eae9e9b910707
13-历史组网运行/isolated-ai-composed-77/chains/plan-ai-fund-fraud-77/report-data-check-001/output-report-check-report-5608cb993fa82708.json,541,5608cb993fa827088ccc55fa713ff8c501b04f43912a2289b17c949671343e17
13-历史组网运行/isolated-ai-composed-77/chains/plan-ai-fund-fraud-77/report-frame-build-001/output-report-frame-547cca5d95ac3288.json,659,547cca5d95ac328866b954dae151d157c64670620027f3c7e149875f6694c3eb
13-历史组网运行/isolated-ai-composed-77/chains/plan-ai-fund-fraud-77/report-multi-review-001/output-report-approved-91f08b9750152bdf.json,278,91f08b9750152bdf4065122e735439ef45d17a0e9131428b207a99f3a1e492ce
13-历史组网运行/isolated-ai-composed-77/chains/plan-ai-fund-fraud-77/resource-conflict-detect-001/output-conflict-alert-44cc9887b84a6785.json,385,44cc9887b84a678505c76673a8e75545c14f6a137d6800a5502dc26fc5d3b025
13-历史组网运行/isolated-ai-composed-77/chains/plan-ai-fund-fraud-77/responsible-party-find-001/output-responsible-party-40e2f041b9933b62.json,5558,40e2f041b9933b620dc33708173b670db67be5483f6fe82642411af8613b68bf
13-历史组网运行/isolated-ai-composed-77/chains/plan-ai-fund-fraud-77/result-distill-001/output-distilled-result-e4bf3ce4817ead89.json,469,e4bf3ce4817ead8916bc5f9874d7539b14de60154fd5e0da05a7e2921b563492
13-历史组网运行/isolated-ai-composed-77/chains/plan-ai-fund-fraud-77/risk-advice-generate-001/output-risk-advice-set-17bc556a3a9ba7e3.json,467,17bc556a3a9ba7e32e63993bb6b676e7469922e883a07cc1a1183be7ac77369d
13-历史组网运行/isolated-ai-composed-77/chains/plan-ai-fund-fraud-77/risk-heatmap-draw-001/output-risk-heatmap-9a36641a084ac5bd.json,555,9a36641a084ac5bdc309672a72f39278596f2ccb49615b60eab70dae853c6bcf
13-历史组网运行/isolated-ai-composed-77/chains/plan-ai-fund-fraud-77/risk-level-assign-001/output-risk-level-8fe43612aa1044c2.json,3759,8fe43612aa1044c2cf639053cdd5c4a2452504f04963cef5028233f7d3673b44
13-历史组网运行/isolated-ai-composed-77/chains/plan-ai-fund-fraud-77/risk-matrix-build-001/output-risk-matrix-f29681f458c8844c.json,8090,f29681f458c8844c1842deac162e0cc6c5ec67e8d5d40beacfde17a4c39f3028
13-历史组网运行/isolated-ai-composed-77/chains/plan-ai-fund-fraud-77/rule-engine-001/output-rule-evaluation-3b2456a4180bc79b.json,535,3b2456a4180bc79bfaeba0d75ce7e25ca29ef86b21841f4c53eb22c432b8f207
13-历史组网运行/isolated-ai-composed-77/chains/plan-ai-fund-fraud-77/sample-size-compute-001/output-sample-size-6078e9cef44ea7f9.json,223,6078e9cef44ea7f9811916628a81b2aef969fa4789f6caf01a55d6cdd89e5b7a
13-历史组网运行/isolated-ai-composed-77/chains/plan-ai-fund-fraud-77/sampling-select-001/output-sampling-plan-7d654f273bbdd7a2.json,388,7d654f273bbdd7a2951b64a6663f99562967ce60401fb28377417abf982ef905
13-历史组网运行/isolated-ai-composed-77/chains/plan-ai-fund-fraud-77/site-checkin-track-001/output-checkin-log-accf2f740c9562fe.json,271,accf2f740c9562fe31257d33bfd25dfad8244ad695a803e34569f2dfb09c8a86
13-历史组网运行/isolated-ai-composed-77/chains/plan-ai-fund-fraud-77/staff-schedule-001/output-schedule-plan-94d3d490ca5b966e.json,1987,94d3d490ca5b966e0efe0100f82db64f10cff82fc17b2b2c41cb6119d587d415
13-历史组网运行/isolated-ai-composed-77/chains/plan-ai-fund-fraud-77/strategy-align-001/output-aligned-demand-efb7c446d566d88d.json,1040,efb7c446d566d88ddcfa73e041124624a7e802c91871eeac3246e680c13eaff4
13-历史组网运行/isolated-ai-composed-77/chains/plan-ai-fund-fraud-77/suspicion-flag-001/output-suspicion-set-263de00cc9690c06.json,697,263de00cc9690c065c19d2e319a3109cf6ce5bf552aec4b86a0b69e84f0cecdd
13-历史组网运行/isolated-ai-composed-77/chains/plan-ai-fund-fraud-77/suspicion-merge-001/output-merged-suspicion-3080a72ab8568f9f.json,3059,3080a72ab8568f9fdf81d796f96356aaa5f667e3c7d4232365c1265e805f2e69
13-历史组网运行/isolated-ai-composed-77/chains/plan-ai-fund-fraud-77/tag-manage-001/output-tag-tree-9f02df2e70e47e2c.json,473,9f02df2e70e47e2c3e353b24d86b4d71f0e07eed70107af09a4f1a68cd7d1d64
13-历史组网运行/isolated-ai-composed-77/chains/plan-ai-fund-fraud-77/team-forming-001/output-team-scheme-710f373f182754ee.json,965,710f373f182754eebcb955e2a453f1a778d7ece8f0b5f26b9dd67d0590b95b0d
13-历史组网运行/isolated-ai-composed-77/chains/plan-ai-fund-fraud-77/violation-clause-match-001/output-violation-clause-81889837d75fbc0d.json,4902,81889837d75fbc0d4f2f89193bb926fe2d5e35772bdc6ff63742479c71c151d4
13-历史组网运行/isolated-ai-composed-77/chains/plan-ai-fund-fraud-77/voucher-drilldown-001/output-voucher-chain-2fc1e1c403c68583.json,10891,2fc1e1c403c68583a37def01fe0e7493fcaf6c9d059e24dcd0f75ba58ff257b7
13-历史组网运行/isolated-ai-composed-77/chains/plan-ai-fund-fraud-77/workpaper-borrow-approve-001/output-borrow-status-c249e28684c276e6.json,518,c249e28684c276e6951b9deeab92fa216de2e0326dd89429d81f62b0dd6c3a43
13-历史组网运行/isolated-ai-composed-77/chains/plan-ai-fund-fraud-77/workpaper-build-001/output-workpaper-draft-6462507931924939.json,8775,6462507931924939c21313a9e678af4077e24d80762a244c74fda32d6cb1cdab
13-历史组网运行/isolated-ai-composed-77/chains/plan-ai-fund-fraud-77/workpaper-encrypt-store-001/output-encrypt-status-ed1f6e7a6617b363.json,3738,ed1f6e7a6617b363e168bc2c6bcce40d039f4ea0c38219984d5eba731630098c
13-历史组网运行/isolated-ai-composed-77/chains/plan-ai-fund-fraud-77/workpaper-reconcile-001/output-reconcile-report-9502e3fca3613bbd.json,213,9502e3fca3613bbdde3d7be9e1931840ea7a9529e59e7234aeadb71adec5e74c
13-历史组网运行/isolated-ai-composed-77/chains/plan-ai-fund-fraud-77/workpaper-review3-001/output-review-status-c9b852ea134e298c.json,4075,c9b852ea134e298c4acb309ec6f7eecfdf9cd244a4815b74b723690b57929ea2
13-历史组网运行/isolated-ai-composed-77/chains/plan-ai-fund-fraud-77/workpaper-template-update-001/output-template-update-set-72e8196978588f60.json,4210,72e8196978588f609276ba1981583c9f0b8d28110f887cff966731b084cc9c6c
13-历史组网运行/isolated-ai-composed-77/chains/plan-ai-fund-fraud-77/workpaper-version-diff-001/output-version-diff-report-d63294efb2dd69a2.json,4300,d63294efb2dd69a24f5872c2f495fcdbf793b9c3b6aa73cbdba920a351e063c9
13-历史组网运行/isolated-ai-composed-77/inputs/assets.json,202,4cbca1875e354c015527fd32a0a2a52ae33d474c929304bb51a15d484903806c
13-历史组网运行/isolated-ai-composed-77/inputs/borrow-request.json,250,e3aefa190f6655a03abc7ef70f3a456cdbbb5611b469c4a0e82566f7408bb2a8
13-历史组网运行/isolated-ai-composed-77/inputs/budget.json,178,138e9579a8f066eee94397ab7867cc0ce293e7d3c9c3d0520050c10b1a128fef
13-历史组网运行/isolated-ai-composed-77/inputs/checkins.json,350,e448659497161535bd726f2e63714123fbd24113131ebaabebd42436ea8ac6ec
13-历史组网运行/isolated-ai-composed-77/inputs/confirmations.json,221,f53bf398a99255b910faf9a5c1e5f9c67062491223c64bae939dd7cfae264c52
13-历史组网运行/isolated-ai-composed-77/inputs/demands.json,455,97c6776be079fffb34a7b467a7842cd5cc80c981b27c2aac2c674d4f4f906a28
13-历史组网运行/isolated-ai-composed-77/inputs/extension.json,147,88b85d8cde51d1a508b836eda04cf27115c045852fae288740974271110237c4
13-历史组网运行/isolated-ai-composed-77/inputs/field.json,537,98f13e43f89680ed0babd87380765a0ff853fc5c9f2096c2ed6ef7f54062f5ec
13-历史组网运行/isolated-ai-composed-77/inputs/fraud-input.json,350,c845d0b37c61513d8a09927d0ffc7108af78b6f9a4534f7d6e4e93e4390bfc0c
13-历史组网运行/isolated-ai-composed-77/inputs/fraud-risk-set.json,485,6ba0039bdc9e1db9dec9b4b594692c98086148a775a88c903ca33bddc8127ba4
13-历史组网运行/isolated-ai-composed-77/inputs/high-risk.json,321,aaea32606352eb7b5e17ddb1bc07b7d485a74924add78ba1f2dc9fb9091827a2
13-历史组网运行/isolated-ai-composed-77/inputs/ic-flow.json,351,cec32fcd320df85b39373e47c8971580f4880b5a44f7f39cafabd7fdf25b49b5
13-历史组网运行/isolated-ai-composed-77/inputs/ic-risk-set.json,473,2d466cbe09f04908801d745054ff6a62287e1e2ea8d915780985829851529941
13-历史组网运行/isolated-ai-composed-77/inputs/industry-benchmark.json,287,904a5e35dd97513e2afc200fca13934829cec635203322655225cd32e6628ede
13-历史组网运行/isolated-ai-composed-77/inputs/industry-risk-set.json,492,76d377bcabff75ecfb54603e81e9f43794f187c32088bbb62615a30bd18e4535
13-历史组网运行/isolated-ai-composed-77/inputs/inquiries.json,219,7021c66cb51bfd2bd34133003d7b4fdd4b60476f8ded799f1ad2036ca4e9b72c
13-历史组网运行/isolated-ai-composed-77/inputs/interviews.json,330,65c5f77b2362153d34794f56278b9bea9781fc179e50be91384ef66d088af529
13-历史组网运行/isolated-ai-composed-77/inputs/inventory.json,169,6673c26ac9b8db48f1c07172618b0531f4894b403924822ec795abed8daf0a72
13-历史组网运行/isolated-ai-composed-77/inputs/invoice-scan.txt,42,39116e923fa1ab516bd3f279826bda2f0a925ca995a59abbcebe5e031d717cc6
13-历史组网运行/isolated-ai-composed-77/inputs/ledger.csv,5280,79a9c4f07b4e5ec3dbf88c17cc3d5ca338244d025ac9411be6e1a2f5cb46f3bf
13-历史组网运行/isolated-ai-composed-77/inputs/lineage.json,493,0fadb06d74e6e881267c1a30be277f050b5fddcb8ba609e47895c3f7527699f6
13-历史组网运行/isolated-ai-composed-77/inputs/log-events.json,306,eb94d733e7485dfe3d4fb5ad0159ed1b093cf404e1e2cecf2c13810cfa8756d5
13-历史组网运行/isolated-ai-composed-77/inputs/master.json,559,a330fe5e662c168d99b8504d72651d59bacf90f3bbd73bd123e0d537743f0dac
13-历史组网运行/isolated-ai-composed-77/inputs/meeting.json,251,13122ecb5f49331453f2ee038b396969f4beed07e1713c990f2dc4fda4fe26f2
13-历史组网运行/isolated-ai-composed-77/inputs/metric-ledger.csv,5280,79a9c4f07b4e5ec3dbf88c17cc3d5ca338244d025ac9411be6e1a2f5cb46f3bf
13-历史组网运行/isolated-ai-composed-77/inputs/nlp.json,152,870e4d26ab83ef4951e9e43a57891335524ac95191bf8307ba86631831227133
13-历史组网运行/isolated-ai-composed-77/inputs/photos.json,437,a7720a2c3f2d09cb05929ce4105268f2775d87f9a05d0861396b2028ad5ade6f
13-历史组网运行/isolated-ai-composed-77/inputs/plan-changes.json,196,dab71ea879f76998b31a273331dad2bd46bc29bc1d4fc84b53de57678a72896c
13-历史组网运行/isolated-ai-composed-77/inputs/policy-input.json,313,789bd55c3c60e47ea3698bfcf963b3f6a85425e01585bd46300071a7cdd090e2
13-历史组网运行/isolated-ai-composed-77/inputs/policy-risk-set.json,487,73bbfe30e91629606230056eda73532522995b29deff3559a18c61f3f4e53a0c
13-历史组网运行/isolated-ai-composed-77/inputs/population.json,187,ed3d7f62dd799c498a42b74faf73fc644397148599b7e37de4fc1f968250d1fc
13-历史组网运行/isolated-ai-composed-77/inputs/process-gap-set.json,486,e515231406e5cc504e511d3093fd3100e1f64e7c4e5dcc632dbe8b96b0fae965
13-历史组网运行/isolated-ai-composed-77/inputs/process-input.json,272,25e7853bb94114a1e86d0ca14c8e5f25e9ad85deee08479955c6aff77a6ab601
13-历史组网运行/isolated-ai-composed-77/inputs/program-template.json,257,271a0b8bf60987def7ba7483e442bb4e3b6de788a6baa714e538aed5305d7ba3
13-历史组网运行/isolated-ai-composed-77/inputs/quality-ledger.csv,5280,79a9c4f07b4e5ec3dbf88c17cc3d5ca338244d025ac9411be6e1a2f5cb46f3bf
13-历史组网运行/isolated-ai-composed-77/inputs/remedy.json,631,d076c88353ea160ea4df1858447908127fb0dc0086148c2f57516b8a1fb1130d
13-历史组网运行/isolated-ai-composed-77/inputs/risk-advice.json,238,b37597ec149fa0b2c93fbe928ec57167120a74417cf3cc2408b3f9ccf9c2b0a1
13-历史组网运行/isolated-ai-composed-77/inputs/rules.json,4943,7c3236ce3875131f82d39a90548698faa5926aad0449d9249c1b6f48ae3edc55
13-历史组网运行/isolated-ai-composed-77/inputs/sample-size.json,213,b7c97348bcea1aeb25ca1124213539fecfb1cf1814d019c4445becf73d97e3ab
13-历史组网运行/isolated-ai-composed-77/inputs/submitted-units.json,323,396b164e6a70aff68ba993ea24c98a16e10503f5b8bf928864dd2858c6785b94
13-历史组网运行/isolated-ai-composed-77/inputs/tag-query.json,251,2dd8c29d814582373412ef3a7b0864b638a2c26154448d1308403ad38015e357
13-历史组网运行/isolated-ai-composed-83/chains/plan-ai-fund-fraud-83/advice-match-001/output-advice-set-2600eccfbc97b6dc.json,1606,2600eccfbc97b6dc67c4d5fb2aefb3cd52dccbc824c421fccc7119171dacc9d0
13-历史组网运行/isolated-ai-composed-83/chains/plan-ai-fund-fraud-83/annual-plan-build-001/output-annual-plan-be9f709ceabef85f.json,379,be9f709ceabef85f4a494e98ee90e6735bc2553d55968344e67fd9e93cbd095f
13-历史组网运行/isolated-ai-composed-83/chains/plan-ai-fund-fraud-83/annual-propose-001/output-proposal-set-b3680e513232c205.json,600,b3680e513232c205dd657a21ed8b6c711a687229b528214fb2599d61fcca21e7
13-历史组网运行/isolated-ai-composed-83/chains/plan-ai-fund-fraud-83/asset-check-001/output-asset-result-85d408a9a9382187.json,473,85d408a9a938218779381555120a55cd1dbffbff34334e93acbe73328f522035
13-历史组网运行/isolated-ai-composed-83/chains/plan-ai-fund-fraud-83/audit-log-001/output-audit-log-set-3782d9454d927376.json,735,3782d9454d92737636a34d7452e28b1931b5aecab2648879afb7c2fb3bcafede
13-历史组网运行/isolated-ai-composed-83/chains/plan-ai-fund-fraud-83/auditee-feedback-001/output-feedback-set-3d7355a15f83c75b.json,6387,3d7355a15f83c75bb788a0ce6dbba9155d37f971cdda9e553190098c489ec9f9
13-历史组网运行/isolated-ai-composed-83/chains/plan-ai-fund-fraud-83/confirm-letter-001/output-confirm-result-74b01a21a00e76fb.json,726,74b01a21a00e76fbbda1ff9896af177afe1e34c6fee4bece4da088c27000bd33
13-历史组网运行/isolated-ai-composed-83/chains/plan-ai-fund-fraud-83/cross-dept-inquiry-001/output-inquiry-result-0a29a2f8d5780b8f.json,1000,0a29a2f8d5780b8fe2364faff217ddc862b3d42c73470cc88287148a3e3ca622
13-历史组网运行/isolated-ai-composed-83/chains/plan-ai-fund-fraud-83/demand-collect-001/output-demand-set-87b4c984596d7ef7.json,780,87b4c984596d7ef759e8852cb5901b6217aa69a9c5bbd780385ea6b289f98d6f
13-历史组网运行/isolated-ai-composed-83/chains/plan-ai-fund-fraud-83/e-signature-001/output-signed-workpaper-6a7b072f2d5bad1d.json,3241,6a7b072f2d5bad1d5acd37cbb1b859bd6a6dd4ab752f1ea5a9af0e612dd1068a
13-历史组网运行/isolated-ai-composed-83/chains/plan-ai-fund-fraud-83/effort-budget-001/output-effort-budget-136ffa919e8373c3.json,237,136ffa919e8373c387111a8f0e944b0211011d86cf9c5ef30c41778cff7eeb38
13-历史组网运行/isolated-ai-composed-83/chains/plan-ai-fund-fraud-83/evidence-archive-001/output-archived-evidence-1f7a495f699421ca.json,488,1f7a495f699421ca0bbf19aef5303d67a162cd569e297eb4fe4724e3a5c407c5
13-历史组网运行/isolated-ai-composed-83/chains/plan-ai-fund-fraud-83/evidence-index-link-001/output-evidence-index-c4a8be6bcb787a6a.json,8032,c4a8be6bcb787a6aa8bde181e3b6017c1655e6e48431ea5d4a817c92d783b69b
13-历史组网运行/isolated-ai-composed-83/chains/plan-ai-fund-fraud-83/evidence-photo-001/output-photo-evidence-a98ee57ef06c2c16.json,846,a98ee57ef06c2c166a4176ed7f67b449d207f8bb0e1f4926c7b8a8c33fa339c9
13-历史组网运行/isolated-ai-composed-83/chains/plan-ai-fund-fraud-83/evidence-verify-001/output-evidence-verdict-7052ead207c76540.json,624,7052ead207c765407ae7fdb6b8083cd1dc4d5a03db7c89cf1826c5f27953374d
13-历史组网运行/isolated-ai-composed-83/chains/plan-ai-fund-fraud-83/extension-approve-001/output-extension-decision-53baf051c743b358.json,642,53baf051c743b3580c05a9d1d4b00a45f0a92692562c19d2492d71ddfc348ed1
13-历史组网运行/isolated-ai-composed-83/chains/plan-ai-fund-fraud-83/finance-anomaly-alert-001/output-finance-anomaly-set-84f13a7697c37159.json,5037,84f13a7697c37159505746dcc1892a8f09f37d5cb93e7e00632b3e11164c297d
13-历史组网运行/isolated-ai-composed-83/chains/plan-ai-fund-fraud-83/finance-clean-001/output-clean-finance-set-e5b3c6fb99105af8.json,17620,e5b3c6fb99105af8c306ce9231530948faf0864c266e5470b514e042f10e0108
13-历史组网运行/isolated-ai-composed-83/chains/plan-ai-fund-fraud-83/fraud-risk-match-001/output-fraud-risk-set-6b8f099b114bde5f.json,383,6b8f099b114bde5f9645a106b193238951e6cf7845a3705d6d9e44f1f9a09d6b
13-历史组网运行/isolated-ai-composed-83/chains/plan-ai-fund-fraud-83/high-risk-area-locate-001/output-high-risk-area-b9351b02e6733282.json,2032,b9351b02e6733282936924b60dbae4f8d03f05b9be1065a5eabec53be5fa89d5
13-历史组网运行/isolated-ai-composed-83/chains/plan-ai-fund-fraud-83/industry-risk-benchmark-001/output-industry-risk-set-07359379172e2546.json,515,07359379172e2546b880488c3197571b359e1c65fc7d3a930924bbb80b32fc32
13-历史组网运行/isolated-ai-composed-83/chains/plan-ai-fund-fraud-83/internal-control-risk-map-001/output-ic-risk-set-a0c6a8727d6cfd3f.json,549,a0c6a8727d6cfd3f484950ff6e9fbbac806ca9ef4c011f6c4d158620742308f1
13-历史组网运行/isolated-ai-composed-83/chains/plan-ai-fund-fraud-83/interview-record-001/output-interview-note-28633ea0c0e2693f.json,575,28633ea0c0e2693ffc3a957f391530caeb916d3a377007597bb7ab8cca4f7021
13-历史组网运行/isolated-ai-composed-83/chains/plan-ai-fund-fraud-83/inventory-count-001/output-inventory-result-2bbfbe552f689333.json,437,2bbfbe552f68933322f732f677143a68fa1e5d30b80c19278d5bc0be03c487a9
13-历史组网运行/isolated-ai-composed-83/chains/plan-ai-fund-fraud-83/issue-amount-compute-001/output-issue-amount-28d30253ca3801e5.json,4256,28d30253ca3801e5a4ecc4366d49dae9d78ae0e6f8cf2f1145813d91c21a82ac
13-历史组网运行/isolated-ai-composed-83/chains/plan-ai-fund-fraud-83/issue-desc-write-001/output-issue-desc-d86cd007e3b98c1a.json,3728,d86cd007e3b98c1a759f24d3dcba97aae2b9f5e04f6fae84ac675abee47d2d70
13-历史组网运行/isolated-ai-composed-83/chains/plan-ai-fund-fraud-83/issue-final-review-001/output-final-issue-set-eb21c1f7785cff78.json,6705,eb21c1f7785cff78ad15b53c46befe962b08be7379a5eb2cd2d1b7b49ac26b9b
13-历史组网运行/isolated-ai-composed-83/chains/plan-ai-fund-fraud-83/issue-grade-001/output-graded-issue-31818993fda5d3c1.json,5077,31818993fda5d3c129556bf3b58f9cb95c536ad6eec42422e306fb2511497f8f
13-历史组网运行/isolated-ai-composed-83/chains/plan-ai-fund-fraud-83/issue-type-judge-001/output-issue-type-set-248791398809fa12.json,3522,248791398809fa1291f5c4be62cbb77b308dd9f4bbe2947fd6745e4e2bf6fa9c
13-历史组网运行/isolated-ai-composed-83/chains/plan-ai-fund-fraud-83/macro-policy-risk-scan-001/output-policy-risk-set-4ce68612d0b0f716.json,336,4ce68612d0b0f716a084d20260bc06e4fbac7acf367a44dcfdc2d93295b94925
13-历史组网运行/isolated-ai-composed-83/chains/plan-ai-fund-fraud-83/material-precheck-001/output-precheck-report-7f8d7e9f6a9b8335.json,638,7f8d7e9f6a9b83355a9545b72201dec0ad7f8ecbd85df4c89aa01d260227d2ed
13-历史组网运行/isolated-ai-composed-83/chains/plan-ai-fund-fraud-83/material-submit-001/output-submitted-material-d72f0e75cbbd1d34.json,750,d72f0e75cbbd1d348c760d2eb6316b12ff48f21456a26921bec9d05778a83bcc
13-历史组网运行/isolated-ai-composed-83/chains/plan-ai-fund-fraud-83/meeting-minutes-001/output-meeting-minutes-6a077aae3a5e7068.json,529,6a077aae3a5e7068b53125bf0f516d38d0a6125fabdbd492c1e9c31ec653e870
13-历史组网运行/isolated-ai-composed-83/chains/plan-ai-fund-fraud-83/metric-compute-001/output-metric-output-743ed66434b7135f.json,1170,743ed66434b7135f0cb1ac07b168ef8520fc60cdf05d56c0f6339fb420ba2bc2
13-历史组网运行/isolated-ai-composed-83/chains/plan-ai-fund-fraud-83/nlp-process-001/output-nlp-output-8b6d4046fe33a4e0.json,522,8b6d4046fe33a4e0d2324990aa7393dfed2ea7fc565fe06b815b2745b3ec5253
13-历史组网运行/isolated-ai-composed-83/chains/plan-ai-fund-fraud-83/notice-generate-001/output-audit-notice-012e4e30bfb32e90.json,366,012e4e30bfb32e9037f4eecf39d93628736148d8cc3e129ed55a4c7d881de19c
13-历史组网运行/isolated-ai-composed-83/chains/plan-ai-fund-fraud-83/notice-mask-publish-001/output-published-notice-097547cd61dcc1dd.json,404,097547cd61dcc1dd1f904b38e812f4e542fb55428ce48bfb30bbd6d7bb304599
13-历史组网运行/isolated-ai-composed-83/chains/plan-ai-fund-fraud-83/ocr-extract-001/output-ocr-text-9957f20cfa1ee4b2.json,361,9957f20cfa1ee4b29087642a9e12e00bca1ff42f50553448f73c02cfe2930ea4
13-历史组网运行/isolated-ai-composed-83/chains/plan-ai-fund-fraud-83/plan-version-control-001/output-plan-version-3d268db6109b8da6.json,619,3d268db6109b8da6795048d232a0dc65bf2fafc3198e8ec0882bf28bd061d354
13-历史组网运行/isolated-ai-composed-83/chains/plan-ai-fund-fraud-83/priority-rank-001/output-priority-order-70f2f100f217c324.json,281,70f2f100f217c32495679bcb2bf3b477205a859616bf8a1d53ea7c5aa1ca1bcc
13-历史组网运行/isolated-ai-composed-83/chains/plan-ai-fund-fraud-83/process-gap-detect-001/output-process-gap-set-c642a31c39500951.json,336,c642a31c39500951ffd3d25bc400b4f924d52a1e3660f77d35e18021f644b392
13-历史组网运行/isolated-ai-composed-83/chains/plan-ai-fund-fraud-83/program-template-match-001/output-program-template-897a7b5697044b63.json,2871,897a7b5697044b63dff422f5b996d8547e4b0f925b9d77cf6883cab25e0fefcb
13-历史组网运行/isolated-ai-composed-83/chains/plan-ai-fund-fraud-83/progress-report-001/output-progress-daily-0d617d5f4cfa6210.json,227,0d617d5f4cfa6210f882080744efafb8b80a1423cbc425aafc564d8966f8c841
13-历史组网运行/isolated-ai-composed-83/chains/plan-ai-fund-fraud-83/project-library-001/output-project-snapshot-74403cf3b347369d.json,465,74403cf3b347369dbdaefdb8da95b1d1eea76796a5c4c14b726bcadfc1de3bfe
13-历史组网运行/isolated-ai-composed-83/chains/plan-ai-fund-fraud-83/project-scheme-build-001/output-project-scheme-f2ae1463aaaeb0e0.json,1660,f2ae1463aaaeb0e0c68a641388960c4676b7b70d36d9e183c6b2d91cec32e60b
13-历史组网运行/isolated-ai-composed-83/chains/plan-ai-fund-fraud-83/proposal-score-001/output-scored-proposal-b8e66b9a2197141e.json,282,b8e66b9a2197141e97fd0e28e0b83673baf8d1210d4aa4364c194c2fba02c623
13-历史组网运行/isolated-ai-composed-83/chains/plan-ai-fund-fraud-83/quality-check-001/output-quality-report-4bdfe153cbde541a.json,1141,4bdfe153cbde541a50daa10de4ba46dae9a70ef72ae9da25cf2b8219ee750e36
13-历史组网运行/isolated-ai-composed-83/chains/plan-ai-fund-fraud-83/remedy-close-001/output-remedy-ledger-254cef5dee50e79a.json,269,254cef5dee50e79a9bf6a85730ba3aa817503021297a413ab099bd8915ffe91d
13-历史组网运行/isolated-ai-composed-83/chains/plan-ai-fund-fraud-83/remedy-close-001/output-remedy-ledger-b46e5f7ddc3d674f.json,252,b46e5f7ddc3d674f66e44c1e04a08463013a104bf8205b6a3c8b957aa1121ce7
13-历史组网运行/isolated-ai-composed-83/chains/plan-ai-fund-fraud-83/remedy-dispatch-001/output-remedy-task-25e15d9a2987aaa1.json,1703,25e15d9a2987aaa15e0e81cd7fb9a323794e522bd3f1ddf4c4f832f2718ca514
13-历史组网运行/isolated-ai-composed-83/chains/plan-ai-fund-fraud-83/remedy-effect-verify-001/output-remedy-verdict-45dfc352ebb4ea54.json,354,45dfc352ebb4ea5450e22b460914b5feb370fa4afcabb8e71d16bdb3ce6ecb18
13-历史组网运行/isolated-ai-composed-83/chains/plan-ai-fund-fraud-83/remedy-effect-verify-001/output-remedy-verdict-6113a741bec13599.json,410,6113a741bec1359979ccd46d5e5b52f865686e901641daea7aa140cb340ec440
13-历史组网运行/isolated-ai-composed-83/chains/plan-ai-fund-fraud-83/remedy-overdue-alert-001/output-overdue-alert-8dad958720735a1c.json,304,8dad958720735a1c1834eea8310c5632568844ef9bd83fb77667beb65530ab7c
13-历史组网运行/isolated-ai-composed-83/chains/plan-ai-fund-fraud-83/remedy-plan-review-001/output-remedy-plan-approved-15ac6ab30c033671.json,1892,15ac6ab30c033671eb9427c33725e0c1514ec0be6e8a97b7d0923a1e2e5ba7c2
13-历史组网运行/isolated-ai-composed-83/chains/plan-ai-fund-fraud-83/remedy-progress-track-001/output-remedy-progress-e314c81ecc201aeb.json,486,e314c81ecc201aeb4078fbb9d62f5e98ed2ea01709fbe21a705a41856fb9135f
13-历史组网运行/isolated-ai-composed-83/chains/plan-ai-fund-fraud-83/remedy-publish-001/output-published-remedy-3c5b826eb38b0199.json,331,3c5b826eb38b0199d6d717805064c6ea3d229a62a514060bc3d10af74cbadd89
13-历史组网运行/isolated-ai-composed-83/chains/plan-ai-fund-fraud-83/report-data-check-001/output-report-check-report-5608cb993fa82708.json,541,5608cb993fa827088ccc55fa713ff8c501b04f43912a2289b17c949671343e17
13-历史组网运行/isolated-ai-composed-83/chains/plan-ai-fund-fraud-83/report-frame-build-001/output-report-frame-547cca5d95ac3288.json,659,547cca5d95ac328866b954dae151d157c64670620027f3c7e149875f6694c3eb
13-历史组网运行/isolated-ai-composed-83/chains/plan-ai-fund-fraud-83/report-multi-review-001/output-report-approved-91f08b9750152bdf.json,278,91f08b9750152bdf4065122e735439ef45d17a0e9131428b207a99f3a1e492ce
13-历史组网运行/isolated-ai-composed-83/chains/plan-ai-fund-fraud-83/resource-conflict-detect-001/output-conflict-alert-44cc9887b84a6785.json,385,44cc9887b84a678505c76673a8e75545c14f6a137d6800a5502dc26fc5d3b025
13-历史组网运行/isolated-ai-composed-83/chains/plan-ai-fund-fraud-83/responsible-party-find-001/output-responsible-party-40e2f041b9933b62.json,5558,40e2f041b9933b620dc33708173b670db67be5483f6fe82642411af8613b68bf
13-历史组网运行/isolated-ai-composed-83/chains/plan-ai-fund-fraud-83/result-distill-001/output-distilled-result-e4bf3ce4817ead89.json,469,e4bf3ce4817ead8916bc5f9874d7539b14de60154fd5e0da05a7e2921b563492
13-历史组网运行/isolated-ai-composed-83/chains/plan-ai-fund-fraud-83/risk-advice-generate-001/output-risk-advice-set-17bc556a3a9ba7e3.json,467,17bc556a3a9ba7e32e63993bb6b676e7469922e883a07cc1a1183be7ac77369d
13-历史组网运行/isolated-ai-composed-83/chains/plan-ai-fund-fraud-83/risk-heatmap-draw-001/output-risk-heatmap-9a36641a084ac5bd.json,555,9a36641a084ac5bdc309672a72f39278596f2ccb49615b60eab70dae853c6bcf
13-历史组网运行/isolated-ai-composed-83/chains/plan-ai-fund-fraud-83/risk-level-assign-001/output-risk-level-8fe43612aa1044c2.json,3759,8fe43612aa1044c2cf639053cdd5c4a2452504f04963cef5028233f7d3673b44
13-历史组网运行/isolated-ai-composed-83/chains/plan-ai-fund-fraud-83/risk-matrix-build-001/output-risk-matrix-f29681f458c8844c.json,8090,f29681f458c8844c1842deac162e0cc6c5ec67e8d5d40beacfde17a4c39f3028
13-历史组网运行/isolated-ai-composed-83/chains/plan-ai-fund-fraud-83/rule-engine-001/output-rule-evaluation-3b2456a4180bc79b.json,535,3b2456a4180bc79bfaeba0d75ce7e25ca29ef86b21841f4c53eb22c432b8f207
13-历史组网运行/isolated-ai-composed-83/chains/plan-ai-fund-fraud-83/sample-size-compute-001/output-sample-size-6078e9cef44ea7f9.json,223,6078e9cef44ea7f9811916628a81b2aef969fa4789f6caf01a55d6cdd89e5b7a
13-历史组网运行/isolated-ai-composed-83/chains/plan-ai-fund-fraud-83/sampling-select-001/output-sampling-plan-7d654f273bbdd7a2.json,388,7d654f273bbdd7a2951b64a6663f99562967ce60401fb28377417abf982ef905
13-历史组网运行/isolated-ai-composed-83/chains/plan-ai-fund-fraud-83/site-checkin-track-001/output-checkin-log-accf2f740c9562fe.json,271,accf2f740c9562fe31257d33bfd25dfad8244ad695a803e34569f2dfb09c8a86
13-历史组网运行/isolated-ai-composed-83/chains/plan-ai-fund-fraud-83/staff-schedule-001/output-schedule-plan-94d3d490ca5b966e.json,1987,94d3d490ca5b966e0efe0100f82db64f10cff82fc17b2b2c41cb6119d587d415
13-历史组网运行/isolated-ai-composed-83/chains/plan-ai-fund-fraud-83/strategy-align-001/output-aligned-demand-efb7c446d566d88d.json,1040,efb7c446d566d88ddcfa73e041124624a7e802c91871eeac3246e680c13eaff4
13-历史组网运行/isolated-ai-composed-83/chains/plan-ai-fund-fraud-83/suspicion-flag-001/output-suspicion-set-263de00cc9690c06.json,697,263de00cc9690c065c19d2e319a3109cf6ce5bf552aec4b86a0b69e84f0cecdd
13-历史组网运行/isolated-ai-composed-83/chains/plan-ai-fund-fraud-83/suspicion-merge-001/output-merged-suspicion-3080a72ab8568f9f.json,3059,3080a72ab8568f9fdf81d796f96356aaa5f667e3c7d4232365c1265e805f2e69
13-历史组网运行/isolated-ai-composed-83/chains/plan-ai-fund-fraud-83/tag-manage-001/output-tag-tree-9f02df2e70e47e2c.json,473,9f02df2e70e47e2c3e353b24d86b4d71f0e07eed70107af09a4f1a68cd7d1d64
13-历史组网运行/isolated-ai-composed-83/chains/plan-ai-fund-fraud-83/team-forming-001/output-team-scheme-710f373f182754ee.json,965,710f373f182754eebcb955e2a453f1a778d7ece8f0b5f26b9dd67d0590b95b0d
13-历史组网运行/isolated-ai-composed-83/chains/plan-ai-fund-fraud-83/violation-clause-match-001/output-violation-clause-81889837d75fbc0d.json,4902,81889837d75fbc0d4f2f89193bb926fe2d5e35772bdc6ff63742479c71c151d4
13-历史组网运行/isolated-ai-composed-83/chains/plan-ai-fund-fraud-83/voucher-drilldown-001/output-voucher-chain-7bbb8fdd47c13ce3.json,10891,7bbb8fdd47c13ce3d93f5291e9259874ef6a3c276ff9c8b18fd1f8bf4a1278e2
13-历史组网运行/isolated-ai-composed-83/chains/plan-ai-fund-fraud-83/workpaper-borrow-approve-001/output-borrow-status-c249e28684c276e6.json,518,c249e28684c276e6951b9deeab92fa216de2e0326dd89429d81f62b0dd6c3a43
13-历史组网运行/isolated-ai-composed-83/chains/plan-ai-fund-fraud-83/workpaper-build-001/output-workpaper-draft-6cf8cdcc276478c8.json,8775,6cf8cdcc276478c84fd5fc4bf55728a1ac8111226061ad7d5c334ac602501d57
13-历史组网运行/isolated-ai-composed-83/chains/plan-ai-fund-fraud-83/workpaper-build-001/output-workpaper-draft-f5fa548375cd8eb3.json,8775,f5fa548375cd8eb38288ac911da9c60a5038665599ee6ea66e2cb51df15f75f4
13-历史组网运行/isolated-ai-composed-83/chains/plan-ai-fund-fraud-83/workpaper-encrypt-store-001/output-encrypt-status-ed1f6e7a6617b363.json,3738,ed1f6e7a6617b363e168bc2c6bcce40d039f4ea0c38219984d5eba731630098c
13-历史组网运行/isolated-ai-composed-83/chains/plan-ai-fund-fraud-83/workpaper-reconcile-001/output-reconcile-report-9502e3fca3613bbd.json,213,9502e3fca3613bbdde3d7be9e1931840ea7a9529e59e7234aeadb71adec5e74c
13-历史组网运行/isolated-ai-composed-83/chains/plan-ai-fund-fraud-83/workpaper-review3-001/output-review-status-c9b852ea134e298c.json,4075,c9b852ea134e298c4acb309ec6f7eecfdf9cd244a4815b74b723690b57929ea2
13-历史组网运行/isolated-ai-composed-83/chains/plan-ai-fund-fraud-83/workpaper-template-update-001/output-template-update-set-72e8196978588f60.json,4210,72e8196978588f609276ba1981583c9f0b8d28110f887cff966731b084cc9c6c
13-历史组网运行/isolated-ai-composed-83/chains/plan-ai-fund-fraud-83/workpaper-version-diff-001/output-version-diff-report-d63294efb2dd69a2.json,4300,d63294efb2dd69a24f5872c2f495fcdbf793b9c3b6aa73cbdba920a351e063c9
13-历史组网运行/isolated-ai-composed-83/inputs/assets.json,202,4cbca1875e354c015527fd32a0a2a52ae33d474c929304bb51a15d484903806c
13-历史组网运行/isolated-ai-composed-83/inputs/borrow-request.json,250,e3aefa190f6655a03abc7ef70f3a456cdbbb5611b469c4a0e82566f7408bb2a8
13-历史组网运行/isolated-ai-composed-83/inputs/budget.json,178,138e9579a8f066eee94397ab7867cc0ce293e7d3c9c3d0520050c10b1a128fef
13-历史组网运行/isolated-ai-composed-83/inputs/checkins.json,350,e448659497161535bd726f2e63714123fbd24113131ebaabebd42436ea8ac6ec
13-历史组网运行/isolated-ai-composed-83/inputs/confirmations.json,221,f53bf398a99255b910faf9a5c1e5f9c67062491223c64bae939dd7cfae264c52
13-历史组网运行/isolated-ai-composed-83/inputs/demands.json,455,97c6776be079fffb34a7b467a7842cd5cc80c981b27c2aac2c674d4f4f906a28
13-历史组网运行/isolated-ai-composed-83/inputs/extension.json,147,88b85d8cde51d1a508b836eda04cf27115c045852fae288740974271110237c4
13-历史组网运行/isolated-ai-composed-83/inputs/field.json,537,98f13e43f89680ed0babd87380765a0ff853fc5c9f2096c2ed6ef7f54062f5ec
13-历史组网运行/isolated-ai-composed-83/inputs/fraud-input.json,350,c845d0b37c61513d8a09927d0ffc7108af78b6f9a4534f7d6e4e93e4390bfc0c
13-历史组网运行/isolated-ai-composed-83/inputs/fraud-risk-set.json,485,6ba0039bdc9e1db9dec9b4b594692c98086148a775a88c903ca33bddc8127ba4
13-历史组网运行/isolated-ai-composed-83/inputs/high-risk.json,321,aaea32606352eb7b5e17ddb1bc07b7d485a74924add78ba1f2dc9fb9091827a2
13-历史组网运行/isolated-ai-composed-83/inputs/ic-flow.json,351,cec32fcd320df85b39373e47c8971580f4880b5a44f7f39cafabd7fdf25b49b5
13-历史组网运行/isolated-ai-composed-83/inputs/ic-risk-set.json,473,2d466cbe09f04908801d745054ff6a62287e1e2ea8d915780985829851529941
13-历史组网运行/isolated-ai-composed-83/inputs/industry-benchmark.json,287,904a5e35dd97513e2afc200fca13934829cec635203322655225cd32e6628ede
13-历史组网运行/isolated-ai-composed-83/inputs/industry-risk-set.json,492,76d377bcabff75ecfb54603e81e9f43794f187c32088bbb62615a30bd18e4535
13-历史组网运行/isolated-ai-composed-83/inputs/inquiries.json,219,7021c66cb51bfd2bd34133003d7b4fdd4b60476f8ded799f1ad2036ca4e9b72c
13-历史组网运行/isolated-ai-composed-83/inputs/interviews.json,330,65c5f77b2362153d34794f56278b9bea9781fc179e50be91384ef66d088af529
13-历史组网运行/isolated-ai-composed-83/inputs/inventory.json,169,6673c26ac9b8db48f1c07172618b0531f4894b403924822ec795abed8daf0a72
13-历史组网运行/isolated-ai-composed-83/inputs/invoice-scan.txt,42,39116e923fa1ab516bd3f279826bda2f0a925ca995a59abbcebe5e031d717cc6
13-历史组网运行/isolated-ai-composed-83/inputs/ledger.csv,5280,79a9c4f07b4e5ec3dbf88c17cc3d5ca338244d025ac9411be6e1a2f5cb46f3bf
13-历史组网运行/isolated-ai-composed-83/inputs/lineage.json,493,0fadb06d74e6e881267c1a30be277f050b5fddcb8ba609e47895c3f7527699f6
13-历史组网运行/isolated-ai-composed-83/inputs/log-events.json,306,eb94d733e7485dfe3d4fb5ad0159ed1b093cf404e1e2cecf2c13810cfa8756d5
13-历史组网运行/isolated-ai-composed-83/inputs/master.json,559,a330fe5e662c168d99b8504d72651d59bacf90f3bbd73bd123e0d537743f0dac
13-历史组网运行/isolated-ai-composed-83/inputs/meeting.json,251,13122ecb5f49331453f2ee038b396969f4beed07e1713c990f2dc4fda4fe26f2
13-历史组网运行/isolated-ai-composed-83/inputs/metric-ledger.csv,5280,79a9c4f07b4e5ec3dbf88c17cc3d5ca338244d025ac9411be6e1a2f5cb46f3bf
13-历史组网运行/isolated-ai-composed-83/inputs/nlp.json,152,870e4d26ab83ef4951e9e43a57891335524ac95191bf8307ba86631831227133
13-历史组网运行/isolated-ai-composed-83/inputs/photos.json,437,a7720a2c3f2d09cb05929ce4105268f2775d87f9a05d0861396b2028ad5ade6f
13-历史组网运行/isolated-ai-composed-83/inputs/plan-changes.json,196,dab71ea879f76998b31a273331dad2bd46bc29bc1d4fc84b53de57678a72896c
13-历史组网运行/isolated-ai-composed-83/inputs/policy-input.json,313,789bd55c3c60e47ea3698bfcf963b3f6a85425e01585bd46300071a7cdd090e2
13-历史组网运行/isolated-ai-composed-83/inputs/policy-risk-set.json,487,73bbfe30e91629606230056eda73532522995b29deff3559a18c61f3f4e53a0c
13-历史组网运行/isolated-ai-composed-83/inputs/population.json,187,ed3d7f62dd799c498a42b74faf73fc644397148599b7e37de4fc1f968250d1fc
13-历史组网运行/isolated-ai-composed-83/inputs/process-gap-set.json,486,e515231406e5cc504e511d3093fd3100e1f64e7c4e5dcc632dbe8b96b0fae965
13-历史组网运行/isolated-ai-composed-83/inputs/process-input.json,272,25e7853bb94114a1e86d0ca14c8e5f25e9ad85deee08479955c6aff77a6ab601
13-历史组网运行/isolated-ai-composed-83/inputs/program-template.json,257,271a0b8bf60987def7ba7483e442bb4e3b6de788a6baa714e538aed5305d7ba3
13-历史组网运行/isolated-ai-composed-83/inputs/quality-ledger.csv,5280,79a9c4f07b4e5ec3dbf88c17cc3d5ca338244d025ac9411be6e1a2f5cb46f3bf
13-历史组网运行/isolated-ai-composed-83/inputs/remedy-evidence.json,347,1de29a2682ad6a8ce767272b53451e90ae781ab1141e534227f67ff6b9a340f5
13-历史组网运行/isolated-ai-composed-83/inputs/remedy.json,631,d076c88353ea160ea4df1858447908127fb0dc0086148c2f57516b8a1fb1130d
13-历史组网运行/isolated-ai-composed-83/inputs/risk-advice.json,238,b37597ec149fa0b2c93fbe928ec57167120a74417cf3cc2408b3f9ccf9c2b0a1
13-历史组网运行/isolated-ai-composed-83/inputs/rules.json,4943,7c3236ce3875131f82d39a90548698faa5926aad0449d9249c1b6f48ae3edc55
13-历史组网运行/isolated-ai-composed-83/inputs/sample-size.json,213,b7c97348bcea1aeb25ca1124213539fecfb1cf1814d019c4445becf73d97e3ab
13-历史组网运行/isolated-ai-composed-83/inputs/submitted-units.json,323,396b164e6a70aff68ba993ea24c98a16e10503f5b8bf928864dd2858c6785b94
13-历史组网运行/isolated-ai-composed-83/inputs/tag-query.json,251,2dd8c29d814582373412ef3a7b0864b638a2c26154448d1308403ad38015e357
13-历史组网运行/isolated-ai-composed-89/chains/plan-ai-fund-fraud-89/advice-match-001/output-advice-set-2600eccfbc97b6dc.json,1606,2600eccfbc97b6dc67c4d5fb2aefb3cd52dccbc824c421fccc7119171dacc9d0
13-历史组网运行/isolated-ai-composed-89/chains/plan-ai-fund-fraud-89/annual-plan-build-001/output-annual-plan-be9f709ceabef85f.json,379,be9f709ceabef85f4a494e98ee90e6735bc2553d55968344e67fd9e93cbd095f
13-历史组网运行/isolated-ai-composed-89/chains/plan-ai-fund-fraud-89/annual-propose-001/output-proposal-set-b3680e513232c205.json,600,b3680e513232c205dd657a21ed8b6c711a687229b528214fb2599d61fcca21e7
13-历史组网运行/isolated-ai-composed-89/chains/plan-ai-fund-fraud-89/asset-check-001/output-asset-result-85d408a9a9382187.json,473,85d408a9a938218779381555120a55cd1dbffbff34334e93acbe73328f522035
13-历史组网运行/isolated-ai-composed-89/chains/plan-ai-fund-fraud-89/audit-log-001/output-audit-log-set-3782d9454d927376.json,735,3782d9454d92737636a34d7452e28b1931b5aecab2648879afb7c2fb3bcafede
13-历史组网运行/isolated-ai-composed-89/chains/plan-ai-fund-fraud-89/auditee-feedback-001/output-feedback-set-3d7355a15f83c75b.json,6387,3d7355a15f83c75bb788a0ce6dbba9155d37f971cdda9e553190098c489ec9f9
13-历史组网运行/isolated-ai-composed-89/chains/plan-ai-fund-fraud-89/case-library-update-001/output-case-entry-4ae44708bdfbb304.json,514,4ae44708bdfbb304b12275906d41e1d30cf696327054f2fc1ec742971c009ffe
13-历史组网运行/isolated-ai-composed-89/chains/plan-ai-fund-fraud-89/confirm-letter-001/output-confirm-result-74b01a21a00e76fb.json,726,74b01a21a00e76fbbda1ff9896af177afe1e34c6fee4bece4da088c27000bd33
13-历史组网运行/isolated-ai-composed-89/chains/plan-ai-fund-fraud-89/cross-dept-inquiry-001/output-inquiry-result-0a29a2f8d5780b8f.json,1000,0a29a2f8d5780b8fe2364faff217ddc862b3d42c73470cc88287148a3e3ca622
13-历史组网运行/isolated-ai-composed-89/chains/plan-ai-fund-fraud-89/demand-collect-001/output-demand-set-87b4c984596d7ef7.json,780,87b4c984596d7ef759e8852cb5901b6217aa69a9c5bbd780385ea6b289f98d6f
13-历史组网运行/isolated-ai-composed-89/chains/plan-ai-fund-fraud-89/e-signature-001/output-signed-workpaper-6a7b072f2d5bad1d.json,3241,6a7b072f2d5bad1d5acd37cbb1b859bd6a6dd4ab752f1ea5a9af0e612dd1068a
13-历史组网运行/isolated-ai-composed-89/chains/plan-ai-fund-fraud-89/effect-evaluate-001/output-effect-report-aba12271a9a7ad01.json,286,aba12271a9a7ad01d6793457076681432a42e3fd4bf73464b0d12ab1d69f9823
13-历史组网运行/isolated-ai-composed-89/chains/plan-ai-fund-fraud-89/effort-budget-001/output-effort-budget-136ffa919e8373c3.json,237,136ffa919e8373c387111a8f0e944b0211011d86cf9c5ef30c41778cff7eeb38
13-历史组网运行/isolated-ai-composed-89/chains/plan-ai-fund-fraud-89/evidence-archive-001/output-archived-evidence-1f7a495f699421ca.json,488,1f7a495f699421ca0bbf19aef5303d67a162cd569e297eb4fe4724e3a5c407c5
13-历史组网运行/isolated-ai-composed-89/chains/plan-ai-fund-fraud-89/evidence-index-link-001/output-evidence-index-8b8be0cc224e8162.json,8032,8b8be0cc224e8162e9ea229ad20957ae495572a78e9d39d519ba6a1945fc7011
13-历史组网运行/isolated-ai-composed-89/chains/plan-ai-fund-fraud-89/evidence-photo-001/output-photo-evidence-f46a13a54b9c4a75.json,846,f46a13a54b9c4a75c90b0861386ab53fcca8fa927ca838f1921594e8bbcd0b55
13-历史组网运行/isolated-ai-composed-89/chains/plan-ai-fund-fraud-89/evidence-verify-001/output-evidence-verdict-7052ead207c76540.json,624,7052ead207c765407ae7fdb6b8083cd1dc4d5a03db7c89cf1826c5f27953374d
13-历史组网运行/isolated-ai-composed-89/chains/plan-ai-fund-fraud-89/extension-approve-001/output-extension-decision-53baf051c743b358.json,642,53baf051c743b3580c05a9d1d4b00a45f0a92692562c19d2492d71ddfc348ed1
13-历史组网运行/isolated-ai-composed-89/chains/plan-ai-fund-fraud-89/finance-anomaly-alert-001/output-finance-anomaly-set-84f13a7697c37159.json,5037,84f13a7697c37159505746dcc1892a8f09f37d5cb93e7e00632b3e11164c297d
13-历史组网运行/isolated-ai-composed-89/chains/plan-ai-fund-fraud-89/finance-clean-001/output-clean-finance-set-e5b3c6fb99105af8.json,17620,e5b3c6fb99105af8c306ce9231530948faf0864c266e5470b514e042f10e0108
13-历史组网运行/isolated-ai-composed-89/chains/plan-ai-fund-fraud-89/fraud-risk-match-001/output-fraud-risk-set-6b8f099b114bde5f.json,383,6b8f099b114bde5f9645a106b193238951e6cf7845a3705d6d9e44f1f9a09d6b
13-历史组网运行/isolated-ai-composed-89/chains/plan-ai-fund-fraud-89/high-risk-area-locate-001/output-high-risk-area-b9351b02e6733282.json,2032,b9351b02e6733282936924b60dbae4f8d03f05b9be1065a5eabec53be5fa89d5
13-历史组网运行/isolated-ai-composed-89/chains/plan-ai-fund-fraud-89/industry-risk-benchmark-001/output-industry-risk-set-07359379172e2546.json,515,07359379172e2546b880488c3197571b359e1c65fc7d3a930924bbb80b32fc32
13-历史组网运行/isolated-ai-composed-89/chains/plan-ai-fund-fraud-89/internal-control-risk-map-001/output-ic-risk-set-a0c6a8727d6cfd3f.json,549,a0c6a8727d6cfd3f484950ff6e9fbbac806ca9ef4c011f6c4d158620742308f1
13-历史组网运行/isolated-ai-composed-89/chains/plan-ai-fund-fraud-89/interview-record-001/output-interview-note-28633ea0c0e2693f.json,575,28633ea0c0e2693ffc3a957f391530caeb916d3a377007597bb7ab8cca4f7021
13-历史组网运行/isolated-ai-composed-89/chains/plan-ai-fund-fraud-89/inventory-count-001/output-inventory-result-2bbfbe552f689333.json,437,2bbfbe552f68933322f732f677143a68fa1e5d30b80c19278d5bc0be03c487a9
13-历史组网运行/isolated-ai-composed-89/chains/plan-ai-fund-fraud-89/issue-amount-compute-001/output-issue-amount-28d30253ca3801e5.json,4256,28d30253ca3801e5a4ecc4366d49dae9d78ae0e6f8cf2f1145813d91c21a82ac
13-历史组网运行/isolated-ai-composed-89/chains/plan-ai-fund-fraud-89/issue-desc-write-001/output-issue-desc-d86cd007e3b98c1a.json,3728,d86cd007e3b98c1a759f24d3dcba97aae2b9f5e04f6fae84ac675abee47d2d70
13-历史组网运行/isolated-ai-composed-89/chains/plan-ai-fund-fraud-89/issue-final-review-001/output-final-issue-set-eb21c1f7785cff78.json,6705,eb21c1f7785cff78ad15b53c46befe962b08be7379a5eb2cd2d1b7b49ac26b9b
13-历史组网运行/isolated-ai-composed-89/chains/plan-ai-fund-fraud-89/issue-grade-001/output-graded-issue-31818993fda5d3c1.json,5077,31818993fda5d3c129556bf3b58f9cb95c536ad6eec42422e306fb2511497f8f
13-历史组网运行/isolated-ai-composed-89/chains/plan-ai-fund-fraud-89/issue-trend-analysis-001/output-trend-report-a4b9b1d8ef3881bd.json,400,a4b9b1d8ef3881bdb60da390ed024a205dbb962c9886b2db5603bf9349fee556
13-历史组网运行/isolated-ai-composed-89/chains/plan-ai-fund-fraud-89/issue-type-judge-001/output-issue-type-set-248791398809fa12.json,3522,248791398809fa1291f5c4be62cbb77b308dd9f4bbe2947fd6745e4e2bf6fa9c
13-历史组网运行/isolated-ai-composed-89/chains/plan-ai-fund-fraud-89/macro-policy-risk-scan-001/output-policy-risk-set-4ce68612d0b0f716.json,336,4ce68612d0b0f716a084d20260bc06e4fbac7acf367a44dcfdc2d93295b94925
13-历史组网运行/isolated-ai-composed-89/chains/plan-ai-fund-fraud-89/material-precheck-001/output-precheck-report-a0883c97d0bfc075.json,638,a0883c97d0bfc075ef7af32c12c021e193916fd9be809123732ae672d9cbbb85
13-历史组网运行/isolated-ai-composed-89/chains/plan-ai-fund-fraud-89/material-submit-001/output-submitted-material-fc24960d39c20693.json,750,fc24960d39c206938c31058e9ce8548b9cf2368bf1a24422bf775c66a08529c3
13-历史组网运行/isolated-ai-composed-89/chains/plan-ai-fund-fraud-89/meeting-minutes-001/output-meeting-minutes-6a077aae3a5e7068.json,529,6a077aae3a5e7068b53125bf0f516d38d0a6125fabdbd492c1e9c31ec653e870
13-历史组网运行/isolated-ai-composed-89/chains/plan-ai-fund-fraud-89/method-distill-001/output-method-library-e366e286398c49ba.json,375,e366e286398c49baebb7c6ecc32310775552a3c829fd79ac034c7ef2b07aed6c
13-历史组网运行/isolated-ai-composed-89/chains/plan-ai-fund-fraud-89/metric-compute-001/output-metric-output-6228426cb498b2a5.json,1170,6228426cb498b2a5e4d8b5192d778b4f6babdbd9455c5aed04a60886786233d2
13-历史组网运行/isolated-ai-composed-89/chains/plan-ai-fund-fraud-89/nlp-process-001/output-nlp-output-767014812a7df494.json,522,767014812a7df4940e6529415ed5f44a65a5df53418e48fc007a29880bece8bc
13-历史组网运行/isolated-ai-composed-89/chains/plan-ai-fund-fraud-89/notice-generate-001/output-audit-notice-012e4e30bfb32e90.json,366,012e4e30bfb32e9037f4eecf39d93628736148d8cc3e129ed55a4c7d881de19c
13-历史组网运行/isolated-ai-composed-89/chains/plan-ai-fund-fraud-89/notice-mask-publish-001/output-published-notice-097547cd61dcc1dd.json,404,097547cd61dcc1dd1f904b38e812f4e542fb55428ce48bfb30bbd6d7bb304599
13-历史组网运行/isolated-ai-composed-89/chains/plan-ai-fund-fraud-89/ocr-extract-001/output-ocr-text-737417f9da94c297.json,361,737417f9da94c29778cbc28b7c2e25e50d9fb5d8dc85a60ed439e97053437917
13-历史组网运行/isolated-ai-composed-89/chains/plan-ai-fund-fraud-89/plan-version-control-001/output-plan-version-3d268db6109b8da6.json,619,3d268db6109b8da6795048d232a0dc65bf2fafc3198e8ec0882bf28bd061d354
13-历史组网运行/isolated-ai-composed-89/chains/plan-ai-fund-fraud-89/priority-rank-001/output-priority-order-70f2f100f217c324.json,281,70f2f100f217c32495679bcb2bf3b477205a859616bf8a1d53ea7c5aa1ca1bcc
13-历史组网运行/isolated-ai-composed-89/chains/plan-ai-fund-fraud-89/process-gap-detect-001/output-process-gap-set-c642a31c39500951.json,336,c642a31c39500951ffd3d25bc400b4f924d52a1e3660f77d35e18021f644b392
13-历史组网运行/isolated-ai-composed-89/chains/plan-ai-fund-fraud-89/program-template-match-001/output-program-template-897a7b5697044b63.json,2871,897a7b5697044b63dff422f5b996d8547e4b0f925b9d77cf6883cab25e0fefcb
13-历史组网运行/isolated-ai-composed-89/chains/plan-ai-fund-fraud-89/progress-report-001/output-progress-daily-0d617d5f4cfa6210.json,227,0d617d5f4cfa6210f882080744efafb8b80a1423cbc425aafc564d8966f8c841
13-历史组网运行/isolated-ai-composed-89/chains/plan-ai-fund-fraud-89/project-library-001/output-project-snapshot-74403cf3b347369d.json,465,74403cf3b347369dbdaefdb8da95b1d1eea76796a5c4c14b726bcadfc1de3bfe
13-历史组网运行/isolated-ai-composed-89/chains/plan-ai-fund-fraud-89/project-quality-score-001/output-quality-score-87a53604217d6a77.json,287,87a53604217d6a772bac7cd3d486fecd9144c3bb4d65c5c90aa19ce1c4726128
13-历史组网运行/isolated-ai-composed-89/chains/plan-ai-fund-fraud-89/project-scheme-build-001/output-project-scheme-f2ae1463aaaeb0e0.json,1660,f2ae1463aaaeb0e0c68a641388960c4676b7b70d36d9e183c6b2d91cec32e60b
13-历史组网运行/isolated-ai-composed-89/chains/plan-ai-fund-fraud-89/proposal-score-001/output-scored-proposal-b8e66b9a2197141e.json,282,b8e66b9a2197141e97fd0e28e0b83673baf8d1210d4aa4364c194c2fba02c623
13-历史组网运行/isolated-ai-composed-89/chains/plan-ai-fund-fraud-89/quality-check-001/output-quality-report-4bdfe153cbde541a.json,1141,4bdfe153cbde541a50daa10de4ba46dae9a70ef72ae9da25cf2b8219ee750e36
13-历史组网运行/isolated-ai-composed-89/chains/plan-ai-fund-fraud-89/remedy-close-001/output-remedy-ledger-b46e5f7ddc3d674f.json,252,b46e5f7ddc3d674f66e44c1e04a08463013a104bf8205b6a3c8b957aa1121ce7
13-历史组网运行/isolated-ai-composed-89/chains/plan-ai-fund-fraud-89/remedy-dispatch-001/output-remedy-task-25e15d9a2987aaa1.json,1703,25e15d9a2987aaa15e0e81cd7fb9a323794e522bd3f1ddf4c4f832f2718ca514
13-历史组网运行/isolated-ai-composed-89/chains/plan-ai-fund-fraud-89/remedy-effect-verify-001/output-remedy-verdict-45dfc352ebb4ea54.json,354,45dfc352ebb4ea5450e22b460914b5feb370fa4afcabb8e71d16bdb3ce6ecb18
13-历史组网运行/isolated-ai-composed-89/chains/plan-ai-fund-fraud-89/remedy-overdue-alert-001/output-overdue-alert-8dad958720735a1c.json,304,8dad958720735a1c1834eea8310c5632568844ef9bd83fb77667beb65530ab7c
13-历史组网运行/isolated-ai-composed-89/chains/plan-ai-fund-fraud-89/remedy-plan-review-001/output-remedy-plan-approved-15ac6ab30c033671.json,1892,15ac6ab30c033671eb9427c33725e0c1514ec0be6e8a97b7d0923a1e2e5ba7c2
13-历史组网运行/isolated-ai-composed-89/chains/plan-ai-fund-fraud-89/remedy-progress-track-001/output-remedy-progress-e314c81ecc201aeb.json,486,e314c81ecc201aeb4078fbb9d62f5e98ed2ea01709fbe21a705a41856fb9135f
13-历史组网运行/isolated-ai-composed-89/chains/plan-ai-fund-fraud-89/remedy-publish-001/output-published-remedy-3c5b826eb38b0199.json,331,3c5b826eb38b0199d6d717805064c6ea3d229a62a514060bc3d10af74cbadd89
13-历史组网运行/isolated-ai-composed-89/chains/plan-ai-fund-fraud-89/report-data-check-001/output-report-check-report-5608cb993fa82708.json,541,5608cb993fa827088ccc55fa713ff8c501b04f43912a2289b17c949671343e17
13-历史组网运行/isolated-ai-composed-89/chains/plan-ai-fund-fraud-89/report-frame-build-001/output-report-frame-547cca5d95ac3288.json,659,547cca5d95ac328866b954dae151d157c64670620027f3c7e149875f6694c3eb
13-历史组网运行/isolated-ai-composed-89/chains/plan-ai-fund-fraud-89/report-multi-review-001/output-report-approved-91f08b9750152bdf.json,278,91f08b9750152bdf4065122e735439ef45d17a0e9131428b207a99f3a1e492ce
13-历史组网运行/isolated-ai-composed-89/chains/plan-ai-fund-fraud-89/resource-conflict-detect-001/output-conflict-alert-44cc9887b84a6785.json,385,44cc9887b84a678505c76673a8e75545c14f6a137d6800a5502dc26fc5d3b025
13-历史组网运行/isolated-ai-composed-89/chains/plan-ai-fund-fraud-89/responsible-party-find-001/output-responsible-party-40e2f041b9933b62.json,5558,40e2f041b9933b620dc33708173b670db67be5483f6fe82642411af8613b68bf
13-历史组网运行/isolated-ai-composed-89/chains/plan-ai-fund-fraud-89/result-distill-001/output-distilled-result-e4bf3ce4817ead89.json,469,e4bf3ce4817ead8916bc5f9874d7539b14de60154fd5e0da05a7e2921b563492
13-历史组网运行/isolated-ai-composed-89/chains/plan-ai-fund-fraud-89/risk-advice-generate-001/output-risk-advice-set-17bc556a3a9ba7e3.json,467,17bc556a3a9ba7e32e63993bb6b676e7469922e883a07cc1a1183be7ac77369d
13-历史组网运行/isolated-ai-composed-89/chains/plan-ai-fund-fraud-89/risk-heatmap-draw-001/output-risk-heatmap-9a36641a084ac5bd.json,555,9a36641a084ac5bdc309672a72f39278596f2ccb49615b60eab70dae853c6bcf
13-历史组网运行/isolated-ai-composed-89/chains/plan-ai-fund-fraud-89/risk-level-assign-001/output-risk-level-8fe43612aa1044c2.json,3759,8fe43612aa1044c2cf639053cdd5c4a2452504f04963cef5028233f7d3673b44
13-历史组网运行/isolated-ai-composed-89/chains/plan-ai-fund-fraud-89/risk-matrix-build-001/output-risk-matrix-f29681f458c8844c.json,8090,f29681f458c8844c1842deac162e0cc6c5ec67e8d5d40beacfde17a4c39f3028
13-历史组网运行/isolated-ai-composed-89/chains/plan-ai-fund-fraud-89/rule-engine-001/output-rule-evaluation-3b2456a4180bc79b.json,535,3b2456a4180bc79bfaeba0d75ce7e25ca29ef86b21841f4c53eb22c432b8f207
13-历史组网运行/isolated-ai-composed-89/chains/plan-ai-fund-fraud-89/rule-iteration-001/output-updated-rule-pack-63bcf54bda9da9a8.json,585,63bcf54bda9da9a8553fa2c626e432fe1e20cdaf4366715667efa6eadbba6088
13-历史组网运行/isolated-ai-composed-89/chains/plan-ai-fund-fraud-89/sample-size-compute-001/output-sample-size-6078e9cef44ea7f9.json,223,6078e9cef44ea7f9811916628a81b2aef969fa4789f6caf01a55d6cdd89e5b7a
13-历史组网运行/isolated-ai-composed-89/chains/plan-ai-fund-fraud-89/sampling-select-001/output-sampling-plan-7d654f273bbdd7a2.json,388,7d654f273bbdd7a2951b64a6663f99562967ce60401fb28377417abf982ef905
13-历史组网运行/isolated-ai-composed-89/chains/plan-ai-fund-fraud-89/site-checkin-track-001/output-checkin-log-accf2f740c9562fe.json,271,accf2f740c9562fe31257d33bfd25dfad8244ad695a803e34569f2dfb09c8a86
13-历史组网运行/isolated-ai-composed-89/chains/plan-ai-fund-fraud-89/staff-schedule-001/output-schedule-plan-94d3d490ca5b966e.json,1987,94d3d490ca5b966e0efe0100f82db64f10cff82fc17b2b2c41cb6119d587d415
13-历史组网运行/isolated-ai-composed-89/chains/plan-ai-fund-fraud-89/strategy-align-001/output-aligned-demand-efb7c446d566d88d.json,1040,efb7c446d566d88ddcfa73e041124624a7e802c91871eeac3246e680c13eaff4
13-历史组网运行/isolated-ai-composed-89/chains/plan-ai-fund-fraud-89/suspicion-flag-001/output-suspicion-set-263de00cc9690c06.json,697,263de00cc9690c065c19d2e319a3109cf6ce5bf552aec4b86a0b69e84f0cecdd
13-历史组网运行/isolated-ai-composed-89/chains/plan-ai-fund-fraud-89/suspicion-merge-001/output-merged-suspicion-3080a72ab8568f9f.json,3059,3080a72ab8568f9fdf81d796f96356aaa5f667e3c7d4232365c1265e805f2e69
13-历史组网运行/isolated-ai-composed-89/chains/plan-ai-fund-fraud-89/tag-manage-001/output-tag-tree-9f02df2e70e47e2c.json,473,9f02df2e70e47e2c3e353b24d86b4d71f0e07eed70107af09a4f1a68cd7d1d64
13-历史组网运行/isolated-ai-composed-89/chains/plan-ai-fund-fraud-89/team-forming-001/output-team-scheme-710f373f182754ee.json,965,710f373f182754eebcb955e2a453f1a778d7ece8f0b5f26b9dd67d0590b95b0d
13-历史组网运行/isolated-ai-composed-89/chains/plan-ai-fund-fraud-89/violation-clause-match-001/output-violation-clause-81889837d75fbc0d.json,4902,81889837d75fbc0d4f2f89193bb926fe2d5e35772bdc6ff63742479c71c151d4
13-历史组网运行/isolated-ai-composed-89/chains/plan-ai-fund-fraud-89/voucher-drilldown-001/output-voucher-chain-356005a4ab30117d.json,10891,356005a4ab30117d73dbaad914cb70848766480c96b13d997bd6fb39003f0232
13-历史组网运行/isolated-ai-composed-89/chains/plan-ai-fund-fraud-89/workpaper-borrow-approve-001/output-borrow-status-c249e28684c276e6.json,518,c249e28684c276e6951b9deeab92fa216de2e0326dd89429d81f62b0dd6c3a43
13-历史组网运行/isolated-ai-composed-89/chains/plan-ai-fund-fraud-89/workpaper-build-001/output-workpaper-draft-7bfb036bb2339d56.json,8775,7bfb036bb2339d56bcbef13e1db8588c2180aaddc9406f2801e75ac4e99f473f
13-历史组网运行/isolated-ai-composed-89/chains/plan-ai-fund-fraud-89/workpaper-encrypt-store-001/output-encrypt-status-ed1f6e7a6617b363.json,3738,ed1f6e7a6617b363e168bc2c6bcce40d039f4ea0c38219984d5eba731630098c
13-历史组网运行/isolated-ai-composed-89/chains/plan-ai-fund-fraud-89/workpaper-reconcile-001/output-reconcile-report-9502e3fca3613bbd.json,213,9502e3fca3613bbdde3d7be9e1931840ea7a9529e59e7234aeadb71adec5e74c
13-历史组网运行/isolated-ai-composed-89/chains/plan-ai-fund-fraud-89/workpaper-review3-001/output-review-status-c9b852ea134e298c.json,4075,c9b852ea134e298c4acb309ec6f7eecfdf9cd244a4815b74b723690b57929ea2
13-历史组网运行/isolated-ai-composed-89/chains/plan-ai-fund-fraud-89/workpaper-template-update-001/output-template-update-set-72e8196978588f60.json,4210,72e8196978588f609276ba1981583c9f0b8d28110f887cff966731b084cc9c6c
13-历史组网运行/isolated-ai-composed-89/chains/plan-ai-fund-fraud-89/workpaper-version-diff-001/output-version-diff-report-d63294efb2dd69a2.json,4300,d63294efb2dd69a24f5872c2f495fcdbf793b9c3b6aa73cbdba920a351e063c9
13-历史组网运行/isolated-ai-composed-89/inputs/assets.json,202,4cbca1875e354c015527fd32a0a2a52ae33d474c929304bb51a15d484903806c
13-历史组网运行/isolated-ai-composed-89/inputs/borrow-request.json,250,e3aefa190f6655a03abc7ef70f3a456cdbbb5611b469c4a0e82566f7408bb2a8
13-历史组网运行/isolated-ai-composed-89/inputs/budget.json,178,138e9579a8f066eee94397ab7867cc0ce293e7d3c9c3d0520050c10b1a128fef
13-历史组网运行/isolated-ai-composed-89/inputs/checkins.json,350,e448659497161535bd726f2e63714123fbd24113131ebaabebd42436ea8ac6ec
13-历史组网运行/isolated-ai-composed-89/inputs/confirmations.json,221,f53bf398a99255b910faf9a5c1e5f9c67062491223c64bae939dd7cfae264c52
13-历史组网运行/isolated-ai-composed-89/inputs/demands.json,455,97c6776be079fffb34a7b467a7842cd5cc80c981b27c2aac2c674d4f4f906a28
13-历史组网运行/isolated-ai-composed-89/inputs/extension.json,147,88b85d8cde51d1a508b836eda04cf27115c045852fae288740974271110237c4
13-历史组网运行/isolated-ai-composed-89/inputs/field.json,537,98f13e43f89680ed0babd87380765a0ff853fc5c9f2096c2ed6ef7f54062f5ec
13-历史组网运行/isolated-ai-composed-89/inputs/fraud-input.json,350,c845d0b37c61513d8a09927d0ffc7108af78b6f9a4534f7d6e4e93e4390bfc0c
13-历史组网运行/isolated-ai-composed-89/inputs/fraud-risk-set.json,485,6ba0039bdc9e1db9dec9b4b594692c98086148a775a88c903ca33bddc8127ba4
13-历史组网运行/isolated-ai-composed-89/inputs/high-risk.json,321,aaea32606352eb7b5e17ddb1bc07b7d485a74924add78ba1f2dc9fb9091827a2
13-历史组网运行/isolated-ai-composed-89/inputs/history-issues.json,352,e86d65284cd61ad17b112b6e5a0395865039f80a1867ccbc713d8ac38c2db88d
13-历史组网运行/isolated-ai-composed-89/inputs/ic-flow.json,351,cec32fcd320df85b39373e47c8971580f4880b5a44f7f39cafabd7fdf25b49b5
13-历史组网运行/isolated-ai-composed-89/inputs/ic-risk-set.json,473,2d466cbe09f04908801d745054ff6a62287e1e2ea8d915780985829851529941
13-历史组网运行/isolated-ai-composed-89/inputs/industry-benchmark.json,287,904a5e35dd97513e2afc200fca13934829cec635203322655225cd32e6628ede
13-历史组网运行/isolated-ai-composed-89/inputs/industry-risk-set.json,492,76d377bcabff75ecfb54603e81e9f43794f187c32088bbb62615a30bd18e4535
13-历史组网运行/isolated-ai-composed-89/inputs/inquiries.json,219,7021c66cb51bfd2bd34133003d7b4fdd4b60476f8ded799f1ad2036ca4e9b72c
13-历史组网运行/isolated-ai-composed-89/inputs/interviews.json,330,65c5f77b2362153d34794f56278b9bea9781fc179e50be91384ef66d088af529
13-历史组网运行/isolated-ai-composed-89/inputs/inventory.json,169,6673c26ac9b8db48f1c07172618b0531f4894b403924822ec795abed8daf0a72
13-历史组网运行/isolated-ai-composed-89/inputs/invoice-scan.txt,42,39116e923fa1ab516bd3f279826bda2f0a925ca995a59abbcebe5e031d717cc6
13-历史组网运行/isolated-ai-composed-89/inputs/ledger.csv,5280,79a9c4f07b4e5ec3dbf88c17cc3d5ca338244d025ac9411be6e1a2f5cb46f3bf
13-历史组网运行/isolated-ai-composed-89/inputs/lineage.json,493,0fadb06d74e6e881267c1a30be277f050b5fddcb8ba609e47895c3f7527699f6
13-历史组网运行/isolated-ai-composed-89/inputs/log-events.json,306,eb94d733e7485dfe3d4fb5ad0159ed1b093cf404e1e2cecf2c13810cfa8756d5
13-历史组网运行/isolated-ai-composed-89/inputs/master.json,559,a330fe5e662c168d99b8504d72651d59bacf90f3bbd73bd123e0d537743f0dac
13-历史组网运行/isolated-ai-composed-89/inputs/meeting.json,251,13122ecb5f49331453f2ee038b396969f4beed07e1713c990f2dc4fda4fe26f2
13-历史组网运行/isolated-ai-composed-89/inputs/metric-ledger.csv,5280,79a9c4f07b4e5ec3dbf88c17cc3d5ca338244d025ac9411be6e1a2f5cb46f3bf
13-历史组网运行/isolated-ai-composed-89/inputs/nlp.json,152,870e4d26ab83ef4951e9e43a57891335524ac95191bf8307ba86631831227133
13-历史组网运行/isolated-ai-composed-89/inputs/photos.json,437,a7720a2c3f2d09cb05929ce4105268f2775d87f9a05d0861396b2028ad5ade6f
13-历史组网运行/isolated-ai-composed-89/inputs/plan-changes.json,196,dab71ea879f76998b31a273331dad2bd46bc29bc1d4fc84b53de57678a72896c
13-历史组网运行/isolated-ai-composed-89/inputs/policy-input.json,313,789bd55c3c60e47ea3698bfcf963b3f6a85425e01585bd46300071a7cdd090e2
13-历史组网运行/isolated-ai-composed-89/inputs/policy-risk-set.json,487,73bbfe30e91629606230056eda73532522995b29deff3559a18c61f3f4e53a0c
13-历史组网运行/isolated-ai-composed-89/inputs/population.json,187,ed3d7f62dd799c498a42b74faf73fc644397148599b7e37de4fc1f968250d1fc
13-历史组网运行/isolated-ai-composed-89/inputs/process-gap-set.json,486,e515231406e5cc504e511d3093fd3100e1f64e7c4e5dcc632dbe8b96b0fae965
13-历史组网运行/isolated-ai-composed-89/inputs/process-input.json,272,25e7853bb94114a1e86d0ca14c8e5f25e9ad85deee08479955c6aff77a6ab601
13-历史组网运行/isolated-ai-composed-89/inputs/program-template.json,257,271a0b8bf60987def7ba7483e442bb4e3b6de788a6baa714e538aed5305d7ba3
13-历史组网运行/isolated-ai-composed-89/inputs/project-flow.json,389,b125a321c0f122deb8d01ae7e536078be39c3b94ba8e19b4dda50d67a20d5c29
13-历史组网运行/isolated-ai-composed-89/inputs/quality-ledger.csv,5280,79a9c4f07b4e5ec3dbf88c17cc3d5ca338244d025ac9411be6e1a2f5cb46f3bf
13-历史组网运行/isolated-ai-composed-89/inputs/remedy-evidence.json,347,1de29a2682ad6a8ce767272b53451e90ae781ab1141e534227f67ff6b9a340f5
13-历史组网运行/isolated-ai-composed-89/inputs/remedy.json,631,d076c88353ea160ea4df1858447908127fb0dc0086148c2f57516b8a1fb1130d
13-历史组网运行/isolated-ai-composed-89/inputs/review-notes.json,174,2e9141d5d3a395a572422fe69bd0f2e3d00d2b1bc013dc98fccfdd537ad20252
13-历史组网运行/isolated-ai-composed-89/inputs/risk-advice.json,238,b37597ec149fa0b2c93fbe928ec57167120a74417cf3cc2408b3f9ccf9c2b0a1
13-历史组网运行/isolated-ai-composed-89/inputs/rules.json,4943,7c3236ce3875131f82d39a90548698faa5926aad0449d9249c1b6f48ae3edc55
13-历史组网运行/isolated-ai-composed-89/inputs/sample-size.json,213,b7c97348bcea1aeb25ca1124213539fecfb1cf1814d019c4445becf73d97e3ab
13-历史组网运行/isolated-ai-composed-89/inputs/submitted-units.json,323,396b164e6a70aff68ba993ea24c98a16e10503f5b8bf928864dd2858c6785b94
13-历史组网运行/isolated-ai-composed-89/inputs/tag-query.json,251,2dd8c29d814582373412ef3a7b0864b638a2c26154448d1308403ad38015e357
14-运行期日志/api.err.log.gz,178,9d04b48571b3da400e96ecf0c0d466cd20c7948ead36a5a821273fe1833b5ce7
14-运行期日志/api.log.gz,864093,d222bb725d1940a580f300251aa3631e67c8dd1f3b2b019b7dbf9ea21ee85c5f
14-运行期日志/unified-2026-09-08.log.gz,123514,90e5bdfc00778f5438f66693a29e3c40905c3dd1daabcf9011b8513125dcdfad
14-运行期日志/unified-2026-09-09.log.gz,260589,1188c7babddb99e77e70f3373340b618ec86b6fbf58d6e40193425cb4b4dc654
14-运行期日志/unified-2026-09-10.log.gz,38221,b78fa027c475ba4010f078f40403b4506cb2e371e4ec4f0786a5371eff306f2a
14-运行期日志/unified-2026-09-11.log.gz,75651,71fe5e7478a43ed8625c8706748e9c764f103476862f4694a590ff7442164b5d
14-运行期日志/worker.err.log.gz,225,a334c3f88e33e6a1947ed6637d533a7b348850bb01eb9d4b48668009e21ec338
14-运行期日志/worker.log.gz,25834,ae07d3b185c84f062774c435b7f235058c564e82cadaed3a61c1a869fef09c5d
